boundary_loss,boundary_loss_epoch,boundary_loss_step,epoch,integrat_loss,integrat_loss_epoch,integrat_loss_step,population_loss,population_loss_epoch,population_loss_step,residual loss,residual loss_epoch,residual loss_step,step,total_loss,total_loss_epoch,total_loss_step,val_loss
,,34.7868766784668,0,,,304.5544738769531,,,2077.818359375,,,0.0017839486245065928,49,,,665.2892456054688,
35.39573287963867,,,0,279.3236389160156,,,12884.64453125,,,0.00598805071786046,,,62,621.5,,,621.5
,52.8594856262207,,0,,249.86672973632812,,,227570.8125,,,0.11472685635089874,,62,,595.4644165039062,,
,,57.69339370727539,1,,,219.50961303710938,,,25121.087890625,,,0.019160620868206024,99,,,538.1695556640625,
28.59183120727539,,,1,278.6013488769531,,,3983.401123046875,,,0.28094586730003357,,,125,604.091552734375,,,604.091552734375
,40.75021743774414,,1,,261.4743347167969,,,14780.7998046875,,,0.22231464087963104,,125,,592.525146484375,,
,,16.322803497314453,2,,,302.3724365234375,,,2206.80322265625,,,5.5846976465545595e-05,149,,,628.508544921875,
45.477752685546875,,,2,237.13951110839844,,,7784.79150390625,,,0.9825884103775024,,,188,541.273193359375,,,541.273193359375
,26.146928787231445,,2,,272.5701904296875,,,7718.109375,,,0.19537454843521118,,188,,586.363037109375,,
,,4.060168266296387,3,,,317.80218505859375,,,3255.906494140625,,,1.4320536138257012e-05,199,,,641.8560791015625,
,,17.68278694152832,3,,,257.8779296875,,,1122.6119384765625,,,7.538897079939488e-06,249,,,541.3186645507812,
19.837337493896484,,,3,255.95858764648438,,,899.17822265625,,,0.0004296405822969973,,,251,542.0549926757812,,,542.0549926757812
,25.645153045654297,,3,,267.72198486328125,,,3516.29248046875,,,0.5371236205101013,,251,,572.7837524414062,,
,,91.2300033569336,4,,,203.68136596679688,,,6171.5859375,,,2.984072685241699,299,,,523.5460205078125,
15.038110733032227,,,4,285.150390625,,,1282.4788818359375,,,0.4173569679260254,,,314,589.3577270507812,,,589.3577270507812
,17.783222198486328,,4,,271.39691162109375,,,1797.9208984375,,,0.3274577260017395,,314,,567.1734008789062,,
,,0.5369248986244202,5,,,317.84906005859375,,,479.518798828125,,,7.562260861959658e-07,349,,,635.9844360351562,
17.955528259277344,,,5,263.0204162597656,,,981.2625732421875,,,0.3582112491130829,,,377,548.9089965820312,,,548.9089965820312
,14.84889030456543,,5,,268.335693359375,,,891.3355712890625,,,0.2515451908111572,,377,,556.4324951171875,,
,,0.28325989842414856,6,,,283.1558837890625,,,-166.2059326171875,,,3.765176188608166e-07,399,,,566.8148803710938,
14.424922943115234,,,6,272.81732177734375,,,1018.5372924804688,,,0.28929439187049866,,,440,563.422607421875,,,563.422607421875
,12.072318077087402,,6,,266.2426452636719,,,747.2827758789062,,,0.20168395340442657,,440,,547.95458984375,,
,,2.1829071044921875,7,,,263.00189208984375,,,381.0303955078125,,,1.2297165596919513e-07,449,,,528.9013061523438,
,,5.90389347076416,7,,,255.42044067382812,,,31.376489639282227,,,2.2667768462270033e-07,499,,,517.809326171875,
14.242274284362793,,,7,254.59767150878906,,,1066.740478515625,,,0.335028737783432,,,503,526.2229614257812,,,526.2229614257812
,14.581482887268066,,7,,259.59967041015625,,,992.47314453125,,,0.29617494344711304,,503,,537.156005859375,,
,,11.615102767944336,8,,,219.3963623046875,,,3.5799477100372314,,,5.2844712627120316e-05,549,,,454.85784912109375,
13.23978328704834,,,8,246.8396453857422,,,875.0428466796875,,,0.3387162685394287,,,566,509.5096435546875,,,509.5096435546875
,11.168903350830078,,8,,267.9590759277344,,,1186.323974609375,,,0.3258061408996582,,566,,549.4931640625,,
,,1.027848720550537,9,,,318.08258056640625,,,37.89308547973633,,,4.6218914917517395e-08,599,,,638.5029907226562,
8.899020195007324,,,9,264.1499938964844,,,2375.36865234375,,,0.8771810531616211,,,629,538.4995727539062,,,538.4995727539062
,15.161426544189453,,9,,259.4798278808594,,,2981.931396484375,,,0.9509517550468445,,629,,537.1317138671875,,
,,1.2754915952682495,10,,,318.48931884765625,,,28.354337692260742,,,3.5036073597893846e-08,649,,,639.9296875,
7.672269821166992,,,10,268.42669677734375,,,2339.695068359375,,,1.7012072801589966,,,692,545.6129760742188,,,545.6129760742188
,11.80119514465332,,10,,261.5394592285156,,,5161.9677734375,,,2.0191569328308105,,692,,537.1781616210938,,
,,0.5240195989608765,11,,,262.4952087402344,,,60.349037170410156,,,1.6929604385040875e-08,699,,,525.0343017578125,
,,0.11809021234512329,11,,,305.4236145019531,,,10.562721252441406,,,2.032425960862838e-08,749,,,612.3300170898438,
9.106531143188477,,,11,250.77073669433594,,,6531.51416015625,,,3.846522092819214,,,755,511.98199462890625,,,511.98199462890625
,8.271485328674316,,11,,264.21649169921875,,,6016.73193359375,,,2.887915849685669,,755,,538.642333984375,,
,,5.894817352294922,12,,,14.988739013671875,,,7.476342678070068,,,1.465809327783063e-05,799,,,36.8791389465332,
11.935683250427246,,,12,58.515037536621094,,,50628.5390625,,,14.49227237701416,,,818,132.2025604248047,,,132.2025604248047
,8.175214767456055,,12,,117.75293731689453,,,11965.7265625,,,5.744218826293945,,818,,245.4810333251953,,
,,33.43172836303711,13,,,202.32449340820312,,,95058.78125,,,65.08653259277344,849,,,442.074951171875,
5.490006923675537,,,13,29.91151237487793,,,13619.9228515625,,,2.933134078979492,,,881,68.91366577148438,,,68.91366577148438
,6.373409748077393,,13,,27.789491653442383,,,17518.978515625,,,6.878513336181641,,881,,64.1834945678711,,
,,5.690301895141602,14,,,5.051443099975586,,,-28.620336532592773,,,6.49625349069538e-08,899,,,17.459609985351562,
6.296900749206543,,,14,30.205995559692383,,,10333.658203125,,,3.235589027404785,,,944,68.368408203125,,,68.368408203125
,6.764599323272705,,14,,30.64466094970703,,,6310.30078125,,,2.250990152359009,,944,,70.60858917236328,,
,,0.8101441860198975,15,,,0.5284568071365356,,,0.9750046730041504,,,4.360150995807999e-08,949,,,5.78724479675293,
,,4.775201797485352,15,,,0.3678164482116699,,,2.2475833892822266,,,2.3340367860669176e-08,999,,,11.468842506408691,
13.513330459594727,,,15,86.28071594238281,,,26647.25390625,,,11.97774600982666,,,1007,188.9437255859375,,,188.9437255859375
,6.149357795715332,,15,,30.538278579711914,,,7569.47119140625,,,3.2423512935638428,,1007,,68.89991760253906,,
,,6.501889228820801,16,,,2.879056692123413,,,-9.50007152557373,,,1.4898082767444976e-08,1049,,,14.0430326461792,
3.264011859893799,,,16,1.0722540616989136,,,0.8822942972183228,,,1.728695622205123e-07,,,1070,7.425163269042969,,,7.425163269042969
,5.724442481994629,,16,,23.653703689575195,,,6566.798828125,,,3.3583197593688965,,1070,,55.1826286315918,,
,,3.671975612640381,17,,,1.2002849578857422,,,0.6523898839950562,,,6.131443797130487e-07,1099,,,6.2843146324157715,
3.0416018962860107,,,17,0.8050915598869324,,,-1.5569902658462524,,,7.54627027532706e-09,,,1133,8.249601364135742,,,8.249601364135742
,5.900332450866699,,17,,29.73436164855957,,,8486.0400390625,,,5.482545852661133,,1133,,67.1003646850586,,
,,0.8069335222244263,18,,,0.19158077239990234,,,0.0629722848534584,,,9.34570287824954e-09,1149,,,5.069625377655029,
5.537135601043701,,,18,29.373029708862305,,,6712.1171875,,,5.473023414611816,,,1196,66.20402526855469,,,66.20402526855469
,4.425577640533447,,18,,16.638099670410156,,,5896.720703125,,,3.931533098220825,,1196,,39.96437454223633,,
,,4.737517833709717,19,,,1.3501845598220825,,,1.2096525430679321,,,1.1416514098527841e-06,1199,,,7.974376201629639,
,,0.5360308289527893,19,,,0.3666757643222809,,,3.438173770904541,,,1.052471798601573e-08,1249,,,1.0646092891693115,
6.15883207321167,,,19,29.33706283569336,,,11130.8095703125,,,8.085476875305176,,,1259,66.88774871826172,,,66.88774871826172
,4.437875270843506,,19,,16.648433685302734,,,5612.05322265625,,,4.125814914703369,,1259,,39.530460357666016,,
,,5.014535903930664,20,,,0.9255260229110718,,,0.9132169485092163,,,1.1599074696277967e-06,1299,,,7.5197343826293945,
3.1472456455230713,,,20,0.9357026219367981,,,-0.807152271270752,,,2.820212614551565e-07,,,1322,6.8677873611450195,,,6.8677873611450195
,6.632286548614502,,20,,38.844200134277344,,,13572.0791015625,,,11.81655216217041,,1322,,86.4107437133789,,
,,0.5415941476821899,21,,,0.17875641584396362,,,1.6249008178710938,,,7.780766253517868e-09,1349,,,0.7554984092712402,
6.341128826141357,,,21,28.814682006835938,,,12438.845703125,,,12.251949310302734,,,1385,65.97370910644531,,,65.97370910644531
,4.470209121704102,,21,,19.803312301635742,,,6945.93798828125,,,7.581667900085449,,1385,,45.715660095214844,,
,,25.610902786254883,22,,,198.95840454101562,,,126819.1953125,,,109.31810760498047,1399,,,428.1752624511719,
5.668011665344238,,,22,28.975038528442383,,,10991.046875,,,15.403558731079102,,,1448,65.86417388916016,,,65.86417388916016
,6.700525283813477,,22,,38.866329193115234,,,15954.7978515625,,,19.07138442993164,,1448,,86.4501953125,,
,,3.2675788402557373,23,,,0.12187239527702332,,,0.011137155815958977,,,4.470328995864747e-09,1449,,,7.432199954986572,
,,3.120732069015503,23,,,0.10818449407815933,,,0.004541850183159113,,,4.4031693846591224e-09,1499,,,6.899845123291016,
3.2619690895080566,,,23,0.8283213376998901,,,0.10245398432016373,,,5.468805284181144e-07,,,1511,5.529868125915527,,,5.529868125915527
,5.332980632781982,,23,,29.45760726928711,,,11649.4404296875,,,16.7354736328125,,1511,,66.0041732788086,,
,,3.944262981414795,24,,,1.0704563856124878,,,-2.5351500511169434,,,2.1440182962351173e-09,1549,,,6.348539352416992,
5.227116107940674,,,24,30.208742141723633,,,13408.638671875,,,20.29843521118164,,,1574,67.5339584350586,,,67.5339584350586
,4.514845371246338,,24,,19.85758399963379,,,10212.39453125,,,14.014786720275879,,1574,,45.409271240234375,,
,,0.4259040951728821,25,,,0.2878629267215729,,,3.3532350063323975,,,1.2171827989959638e-08,1599,,,0.3621672987937927,
7.028674125671387,,,25,57.402305603027344,,,38769.11328125,,,52.298309326171875,,,1637,123.21240997314453,,,123.21240997314453
,5.705739498138428,,25,,35.59999084472656,,,21192.470703125,,,30.605785369873047,,1637,,78.50186157226562,,
,,20.535043716430664,26,,,200.69461059570312,,,214118.84375,,,238.65805053710938,1649,,,426.75164794921875,
,,5.453316688537598,26,,,0.3743706941604614,,,1.6094220876693726,,,1.8663420178199885e-06,1699,,,7.3998308181762695,
8.065921783447266,,,26,58.28997802734375,,,48436.7421875,,,63.830726623535156,,,1700,126.5197982788086,,,126.5197982788086
,3.781283378601074,,26,,16.376676559448242,,,13544.0927734375,,,16.567691802978516,,1700,,37.95112228393555,,
,,2.003866195678711,27,,,0.22752192616462708,,,0.16643887758255005,,,3.888488109282662e-08,1749,,,2.0847034454345703,
8.421472549438477,,,27,54.54692459106445,,,34370.1015625,,,16.31088638305664,,,1763,122.28091430664062,,,122.28091430664062
,4.322669982910156,,27,,20.254493713378906,,,12058.9375,,,16.604034423828125,,1763,,45.98868179321289,,
,,5.089534759521484,28,,,4.090397834777832,,,6.215236186981201,,,4.822389314540487e-07,1799,,,16.36743927001953,
3.9912660121917725,,,28,26.328269958496094,,,5584.380859375,,,2.217108726501465,,,1826,59.412132263183594,,,59.412132263183594
,4.143649578094482,,28,,18.669218063354492,,,6689.3046875,,,2.4369499683380127,,1826,,43.93159103393555,,
,,0.6271570920944214,29,,,1.3299490213394165,,,10.48006534576416,,,1.3623733252643433e-08,1849,,,3.2926578521728516,
9.176977157592773,,,29,66.99396514892578,,,5068.47607421875,,,1.705674648284912,,,1889,146.62924194335938,,,146.62924194335938
,5.0065412521362305,,29,,29.323646545410156,,,2992.78515625,,,1.3327792882919312,,1889,,66.15887451171875,,
,,16.486949920654297,30,,,154.53160095214844,,,8165.6455078125,,,3.121840476989746,1899,,,330.10272216796875,
,,15.8521146774292,30,,,9.935315132141113,,,1013.3704833984375,,,0.7042696475982666,1949,,,38.56478500366211,
6.854640960693359,,,30,5.1870551109313965,,,478.0224609375,,,0.2770586311817169,,,1952,19.11857795715332,,,19.11857795715332
,5.21066951751709,,30,,12.445696830749512,,,816.8657836914062,,,0.3717571496963501,,1952,,32.32870101928711,,
,,1.1744390726089478,31,,,1.1093710660934448,,,0.16778558492660522,,,1.7482598480000888e-08,1999,,,3.6372456550598145,
0.8799628615379333,,,31,0.5876105427742004,,,0.30150488018989563,,,8.36015168204085e-09,,,2015,2.287736177444458,,,2.287736177444458
,4.555195331573486,,31,,2.7021853923797607,,,242.59158325195312,,,0.1091977134346962,,2015,,12.301772117614746,,
,,16.03569221496582,32,,,13.480230331420898,,,1147.7386474609375,,,0.36160042881965637,2049,,,46.987117767333984,
2.562333583831787,,,32,0.6662665009498596,,,0.09356915205717087,,,4.558857291669938e-09,,,2078,6.025738716125488,,,6.025738716125488
,2.973290205001831,,32,,1.1922147274017334,,,35.5703239440918,,,0.013673882000148296,,2078,,7.2747883796691895,,
,,17.036033630371094,33,,,10.87026596069336,,,696.65576171875,,,0.2738614082336426,2099,,,42.28793716430664,
3.0838351249694824,,,33,1.0979596376419067,,,-0.25131529569625854,,,1.3559251499373204e-08,,,2141,7.311211109161377,,,7.311211109161377
,4.836315631866455,,33,,2.3932206630706787,,,94.74684143066406,,,0.03397132828831673,,2141,,11.551664352416992,,
,,0.5994583368301392,34,,,0.16858023405075073,,,0.4901908338069916,,,1.7842594068895323e-09,2149,,,0.8820846676826477,
,,0.5502035617828369,34,,,0.11003049463033676,,,0.19723285734653473,,,1.4304247786256497e-09,2199,,,0.632443904876709,
3.0218379497528076,,,34,1.803130030632019,,,35.406700134277344,,,0.010777484625577927,,,2204,9.216761589050293,,,9.216761589050293
,4.559360027313232,,34,,2.3501601219177246,,,49.70951461791992,,,0.01576891914010048,,2204,,10.907698631286621,,
,,0.6647776961326599,35,,,0.18002456426620483,,,0.6674832105636597,,,1.8800703216470538e-09,2249,,,0.9420815110206604,
6.806653022766113,,,35,3.1524786949157715,,,31.754039764404297,,,0.007200879976153374,,,2267,15.647971153259277,,,15.647971153259277
,5.209778785705566,,35,,2.4668848514556885,,,28.126008987426758,,,0.00840653758496046,,2267,,12.065946578979492,,
,,1.0829098224639893,36,,,0.6088601350784302,,,0.0024071617517620325,,,1.2432473717183257e-08,2299,,,2.2312467098236084,
3.0113821029663086,,,36,0.968177855014801,,,-0.6402010917663574,,,2.593491865710007e-09,,,2330,6.925164699554443,,,6.925164699554443
,4.562921047210693,,36,,1.8662909269332886,,,10.52747917175293,,,0.00281195598654449,,2330,,10.142552375793457,,
,,14.693824768066406,37,,,6.48452615737915,,,31.606176376342773,,,0.00789861474186182,2349,,,30.149850845336914,
5.387811183929443,,,37,2.47309947013855,,,5.693368911743164,,,0.0011463806731626391,,,2393,12.99392032623291,,,12.99392032623291
,5.2505574226379395,,37,,2.420764684677124,,,12.203054428100586,,,0.0026044421829283237,,2393,,11.822821617126465,,
,,4.710372447967529,38,,,0.20584598183631897,,,0.2603006064891815,,,8.792615524555458e-10,2399,,,10.654205322265625,
,,3.983309268951416,38,,,0.16191326081752777,,,0.04473687335848808,,,2.267779075637577e-09,2449,,,9.097015380859375,
5.6041579246521,,,38,2.1895241737365723,,,4.253917217254639,,,0.0008788340492174029,,,2456,12.348490715026855,,,12.348490715026855
,3.238588809967041,,38,,1.0686780214309692,,,1.8516805171966553,,,0.00031538624898530543,,2456,,7.55266809463501,,
,,14.175579071044922,39,,,4.850773811340332,,,13.548592567443848,,,0.0026795263402163982,2499,,,26.379318237304688,
5.157265663146973,,,39,1.3461036682128906,,,2.5440268516540527,,,0.0004734243266284466,,,2519,10.366354942321777,,,10.366354942321777
,3.514274835586548,,39,,1.188868761062622,,,2.0881567001342773,,,0.0003553950518835336,,2519,,7.345615863800049,,
,,3.564204692840576,40,,,1.4359204769134521,,,0.6201758980751038,,,5.3782514441991225e-08,2549,,,6.80241060256958,
5.870403289794922,,,40,1.725440502166748,,,3.6310532093048096,,,0.0005949564510956407,,,2582,10.832552909851074,,,10.832552909851074
,3.853971242904663,,40,,1.3461796045303345,,,2.5205225944519043,,,0.0003398546250537038,,2582,,7.99185848236084,,
,,1.0056579113006592,41,,,0.2014913111925125,,,0.005509556736797094,,,1.2274109728593885e-08,2599,,,1.1768195629119873,
3.52494478225708,,,41,0.9172050356864929,,,1.403070330619812,,,0.00024979360750876367,,,2645,5.768854141235352,,,5.768854141235352
,4.05723237991333,,41,,1.204276204109192,,,1.2521475553512573,,,0.00021531767561100423,,2645,,7.867635726928711,,
,,0.48855143785476685,42,,,0.37084975838661194,,,0.31911158561706543,,,4.388677865563295e-09,2649,,,4.066642761230469,
,,1.0693310499191284,42,,,0.18572530150413513,,,0.036635201424360275,,,1.4842306939044647e-08,2699,,,1.1758610010147095,
5.1925506591796875,,,42,4.918135643005371,,,4.093720436096191,,,0.0008645374327898026,,,2708,17.20271110534668,,,17.20271110534668
,3.853438377380371,,42,,1.7388418912887573,,,1.7662383317947388,,,0.0003100573376286775,,2708,,8.72426986694336,,
,,0.43470999598503113,43,,,0.6007304191589355,,,0.4627898633480072,,,3.2940827843219722e-09,2749,,,4.230152606964111,
1.9213825464248657,,,43,0.6886551380157471,,,0.10122685879468918,,,1.7923186490520493e-08,,,2771,4.061596870422363,,,4.061596870422363
,3.870124340057373,,43,,2.0826566219329834,,,1.3294302225112915,,,0.00034269492607563734,,2771,,9.680673599243164,,
,,3.1635921001434326,44,,,0.1891816407442093,,,0.1864510029554367,,,2.3342741073406614e-09,2799,,,7.297286033630371,
5.5142412185668945,,,44,5.307705402374268,,,7.577617168426514,,,0.001650118501856923,,,2834,17.80222511291504,,,17.80222511291504
,4.541149139404297,,44,,3.300483226776123,,,3.342308759689331,,,0.0008047077571973205,,2834,,12.892414093017578,,
,,0.31696611642837524,45,,,0.756822943687439,,,0.5367165207862854,,,3.080615318395985e-09,2849,,,4.0797576904296875,
3.2820022106170654,,,45,0.9278848767280579,,,0.6663262248039246,,,4.496713401636043e-08,,,2897,5.994610786437988,,,5.994610786437988
,4.083678722381592,,45,,2.3490304946899414,,,2.0857224464416504,,,0.0006163468351587653,,2897,,10.277862548828125,,
,,2.68609619140625,46,,,0.18850618600845337,,,0.09607377648353577,,,2.8286974984581548e-09,2899,,,6.0890350341796875,
,,1.7313286066055298,46,,,1.556401014328003,,,1.175597071647644,,,4.2302609415401093e-08,2949,,,5.235561847686768,
1.4569437503814697,,,46,0.9703472256660461,,,0.5679852962493896,,,1.6948494163671057e-08,,,2960,4.138118743896484,,,4.138118743896484
,5.203100681304932,,46,,3.824775457382202,,,7.882963180541992,,,0.0007204320863820612,,2960,,15.001108169555664,,
,,4.974289894104004,47,,,0.9557037353515625,,,-1.3375905752182007,,,1.4293868172421398e-11,2999,,,7.593436241149902,
4.427258491516113,,,47,1.9759695529937744,,,1.4563008546829224,,,3.942864714190364e-05,,,3023,10.847393035888672,,,10.847393035888672
,4.608404159545898,,47,,2.7655746936798096,,,2.705798625946045,,,6.63320388412103e-05,,3023,,12.700250625610352,,
,,3.340357780456543,48,,,0.22126555442810059,,,0.36404383182525635,,,6.061049995231826e-10,3049,,,7.818914890289307,
4.669471263885498,,,48,1.1284186840057373,,,-0.8278512358665466,,,8.241428872679535e-09,,,3086,9.042533874511719,,,9.042533874511719
,3.7862164974212646,,48,,1.987614393234253,,,1.2372652292251587,,,3.504669075482525e-05,,3086,,9.796721458435059,,
,,12.542818069458008,49,,,8.42529296875,,,9.351204872131348,,,0.0002898340462706983,3099,,,34.71874237060547,
,,13.56588077545166,49,,,8.123113632202148,,,6.84495735168457,,,0.00018355279462412,3149,,,35.141422271728516,
4.227164268493652,,,49,2.125438690185547,,,1.0306744575500488,,,3.251347516197711e-05,,,3149,10.44108772277832,,,10.44108772277832
,3.72261381149292,,49,,1.8772659301757812,,,0.9958558082580566,,,2.9214181267889217e-05,,3149,,9.403656959533691,,
,,3.319868326187134,50,,,2.212308168411255,,,0.5475096702575684,,,4.250554042073418e-08,3199,,,9.173784255981445,
3.4025282859802246,,,50,1.879974365234375,,,0.951407790184021,,,2.0345698430901393e-05,,,3212,9.45630931854248,,,9.45630931854248
,5.056673049926758,,50,,2.4479172229766846,,,1.235111951828003,,,4.174406421952881e-05,,3212,,12.335693359375,,
,,0.8403390645980835,51,,,0.5099191069602966,,,0.002122819423675537,,,9.170425308013819e-09,3249,,,1.8618817329406738,
5.365250587463379,,,51,2.720675468444824,,,0.8997491598129272,,,3.426893817959353e-05,,,3275,12.93282413482666,,,12.93282413482666
,3.410187244415283,,51,,1.7161537408828735,,,0.8175928592681885,,,1.873060864454601e-05,,3275,,8.74826431274414,,
,,0.8939378261566162,52,,,0.5418984889984131,,,0.005684575531631708,,,7.665059698069854e-09,3299,,,1.933315634727478,
5.212486743927002,,,52,2.23720383644104,,,1.0156662464141846,,,3.2249368814518675e-05,,,3338,12.859206199645996,,,12.859206199645996
,4.053241729736328,,52,,1.886940598487854,,,0.5483438968658447,,,2.0410958313732408e-05,,3338,,9.675156593322754,,
,,0.7041797041893005,53,,,0.08518597483634949,,,0.29232364892959595,,,1.1271745758989482e-09,3349,,,0.8641512989997864,
,,0.6298500299453735,53,,,0.42708033323287964,,,0.4372260272502899,,,2.559863210294111e-09,3399,,,4.723568439483643,
6.2768874168396,,,53,2.8956973552703857,,,1.1201887130737305,,,3.3236679882975295e-05,,,3401,15.151223182678223,,,15.151223182678223
,3.31362247467041,,53,,1.1245362758636475,,,0.4900195598602295,,,9.151109225058462e-06,,3401,,8.187127113342285,,
,,0.5625778436660767,54,,,0.15161646902561188,,,0.7821128368377686,,,1.7645697125701076e-09,3449,,,0.5832639336585999,
4.652535915374756,,,54,1.9305590391159058,,,-0.39620527625083923,,,1.4664401533082128e-05,,,3464,10.02204704284668,,,10.02204704284668
,3.1158103942871094,,54,,1.3142175674438477,,,0.48381295800209045,,,1.0442327038617805e-05,,3464,,7.484581470489502,,
,,1.0872557163238525,55,,,0.3894851803779602,,,0.0011524895671755075,,,9.292377534109164e-09,3499,,,1.6348931789398193,
4.511297225952148,,,55,2.2532413005828857,,,1.252331018447876,,,1.9717854229384102e-05,,,3527,11.172489166259766,,,11.172489166259766
,2.714460849761963,,55,,0.9558530449867249,,,0.1785246580839157,,,3.967443262808956e-06,,3527,,6.052265644073486,,
,,3.388848304748535,56,,,0.1988421380519867,,,0.3392406702041626,,,8.632752845905145e-10,3549,,,7.749472141265869,
2.881749153137207,,,56,0.9001442790031433,,,-0.2371055781841278,,,1.0440317943505306e-08,,,3590,5.936005115509033,,,5.936005115509033
,4.308966159820557,,56,,1.7300238609313965,,,0.7072829008102417,,,1.7594249584362842e-05,,3590,,9.812225341796875,,
,,4.903021812438965,57,,,1.331952452659607,,,-2.3066420555114746,,,9.584859572697724e-10,3599,,,8.265071868896484,
,,1.481862187385559,57,,,0.39409154653549194,,,0.032272934913635254,,,1.284326778261402e-08,3649,,,2.124809503555298,
3.3770549297332764,,,57,0.6223777532577515,,,-0.2870349884033203,,,1.02126884726772e-08,,,3653,7.212696075439453,,,7.212696075439453
,3.7171692848205566,,57,,1.5221935510635376,,,0.565351128578186,,,1.3052118447376415e-05,,3653,,8.838603973388672,,
,,4.68889856338501,58,,,2.639984130859375,,,0.9496934413909912,,,6.401031527047962e-08,3699,,,11.319597244262695,
5.250253677368164,,,58,1.843666672706604,,,0.8411403894424438,,,2.4544637199142016e-05,,,3716,11.174463272094727,,,11.174463272094727
,3.4440689086914062,,58,,1.4598294496536255,,,0.5582936406135559,,,1.2309611520322505e-05,,3716,,7.563198566436768,,
,,5.132017612457275,59,,,1.4065749645233154,,,-2.6985247135162354,,,1.5713914613968427e-09,3749,,,8.697843551635742,
3.1261041164398193,,,59,1.3988627195358276,,,0.9376448392868042,,,1.486065229983069e-05,,,3779,7.559258460998535,,,7.559258460998535
,3.9729421138763428,,59,,1.6040631532669067,,,0.5888421535491943,,,1.5270892617991194e-05,,3779,,9.219435691833496,,
,,3.9241693019866943,60,,,1.990655541419983,,,0.484855592250824,,,4.320881430430745e-08,3799,,,8.768895149230957,
4.029918193817139,,,60,1.7006837129592896,,,0.6516841650009155,,,1.4486290638160426e-05,,,3842,9.300405502319336,,,9.300405502319336
,3.4731290340423584,,60,,1.4048656225204468,,,0.6420660614967346,,,1.110996618081117e-05,,3842,,7.9276814460754395,,
,,11.36667537689209,61,,,6.201785087585449,,,3.2835562229156494,,,7.574610208394006e-05,3849,,,27.885007858276367,
,,0.5337814092636108,61,,,0.6934658885002136,,,0.6003674864768982,,,2.1035644337530357e-09,3899,,,4.946101188659668,
3.492496967315674,,,61,1.0929421186447144,,,-0.6538929343223572,,,1.0851301190939466e-08,,,3905,6.650182723999023,,,6.650182723999023
,4.034635543823242,,61,,1.524807333946228,,,0.3265826106071472,,,9.812787538976409e-06,,3905,,8.722001075744629,,
,,3.565748929977417,62,,,1.6999574899673462,,,0.3853705823421478,,,3.8475715058439164e-08,3949,,,7.678182601928711,
6.650776386260986,,,62,2.9502339363098145,,,1.0301463603973389,,,2.2099007765064016e-05,,,3968,14.288702964782715,,,14.288702964782715
,3.374420166015625,,62,,1.3431223630905151,,,0.6589037775993347,,,8.279816938738804e-06,,3968,,7.841694355010986,,
,,0.5668807625770569,63,,,0.49871358275413513,,,0.46709883213043213,,,3.0376048343327966e-09,3999,,,4.670688152313232,
4.803924560546875,,,63,1.8658312559127808,,,0.8485060334205627,,,1.6413636330980808e-05,,,4031,10.600446701049805,,,10.600446701049805
,2.942143201828003,,63,,1.030622959136963,,,0.2205771654844284,,,4.422434813022846e-06,,4031,,6.872344493865967,,
,,1.0056458711624146,64,,,0.12428730726242065,,,0.0019243481801822782,,,7.573621729761726e-09,4049,,,1.0756040811538696,
5.417290687561035,,,64,1.4561891555786133,,,-0.5143308043479919,,,7.297011507034767e-06,,,4094,11.230609893798828,,,11.230609893798828
,4.2852678298950195,,64,,1.6501150131225586,,,0.542138397693634,,,1.18206262413878e-05,,4094,,9.493317604064941,,
,,3.783824920654297,65,,,0.1709197759628296,,,0.051334548741579056,,,3.06996739141141e-09,4099,,,8.695887565612793,
,,3.6349868774414062,65,,,0.16531990468502045,,,0.0427999272942543,,,3.396348979833874e-09,4149,,,8.315174102783203,
4.155029773712158,,,65,1.4783276319503784,,,0.7353184223175049,,,1.2453883755370043e-05,,,4157,8.88118839263916,,,8.88118839263916
,3.746354103088379,,65,,1.2030128240585327,,,0.04023440554738045,,,5.3279804888006765e-06,,4157,,8.023232460021973,,
,,0.49009519815444946,66,,,0.4399948716163635,,,0.3886050283908844,,,4.00128641331321e-09,4199,,,4.205805778503418,
3.819850444793701,,,66,1.3849166631698608,,,0.6400687098503113,,,6.5997210185742006e-06,,,4220,7.867811679840088,,,7.867811679840088
,3.5109493732452393,,66,,1.3266018629074097,,,0.5713046789169312,,,7.774783625791315e-06,,4220,,7.59641170501709,,
,,3.432065486907959,67,,,0.19414718449115753,,,0.11139998584985733,,,2.486185035621702e-09,4249,,,7.752910137176514,
3.261746883392334,,,67,0.9650907516479492,,,-0.7240012884140015,,,1.530416859907291e-08,,,4283,6.4494829177856445,,,6.4494829177856445
,3.170351028442383,,67,,0.9596924781799316,,,0.20981842279434204,,,4.3312729758326896e-06,,4283,,6.486813545227051,,
,,4.288393497467041,68,,,1.834503173828125,,,0.49504032731056213,,,4.6014701382546264e-08,4299,,,8.866778373718262,
2.5534708499908447,,,68,0.537498950958252,,,-0.3198849856853485,,,1.4558511729489965e-08,,,4346,4.1977128982543945,,,4.1977128982543945
,3.567192792892456,,68,,1.4695504903793335,,,0.42220550775527954,,,5.737817900808295e-06,,4346,,8.10526180267334,,
,,1.2927427291870117,69,,,0.10090553760528564,,,0.05348912253975868,,,1.1471188443579194e-08,4349,,,1.1420658826828003,
,,0.5475860238075256,69,,,0.2922496199607849,,,2.489119529724121,,,5.4106479296933685e-09,4399,,,0.7150392532348633,
0.9415271878242493,,,69,0.2208406776189804,,,0.7628793716430664,,,7.989028993904412e-09,,,4409,1.4080060720443726,,,1.4080060720443726
,3.7790236473083496,,69,,1.3722375631332397,,,0.681591808795929,,,7.866869054851122e-06,,4409,,8.202812194824219,,
,,0.3793712854385376,70,,,0.36692720651626587,,,0.2812870144844055,,,5.402152947198147e-09,4449,,,3.5246851444244385,
5.720983028411865,,,70,2.141871929168701,,,0.9251121878623962,,,1.2640501154237427e-05,,,4472,11.938488006591797,,,11.938488006591797
,3.3072524070739746,,70,,0.9684492945671082,,,0.07036642730236053,,,3.817096967395628e-06,,4472,,7.162937164306641,,
,,14.029826164245605,71,,,5.310323715209961,,,2.9184412956237793,,,4.014148726128042e-05,4499,,,29.093505859375,
1.8973580598831177,,,71,3.5211944580078125,,,18.82833480834961,,,8.875040435896153e-08,,,4535,9.104743957519531,,,9.104743957519531
,3.518827438354492,,71,,2.613107442855835,,,3.4332382678985596,,,3.7416616578411777e-06,,4535,,9.914921760559082,,
,,0.4630875587463379,72,,,3.4358725547790527,,,79.63880157470703,,,7.531516388326054e-08,4549,,,6.8933515548706055,
4.253737926483154,,,72,2.4296116828918457,,,2.8692567348480225,,,8.785573299974203e-06,,,4598,10.395828247070312,,,10.395828247070312
,3.1197779178619385,,72,,2.5033113956451416,,,10.996131896972656,,,2.7997887173114577e-06,,4598,,9.537262916564941,,
,,5.427497863769531,73,,,2.958895683288574,,,-10.091269493103027,,,1.899067214594652e-08,4599,,,12.186077117919922,
,,0.5278761386871338,73,,,0.5307481288909912,,,3.2013609409332275,,,7.376889765708938e-09,4649,,,1.2838094234466553,
2.2471437454223633,,,73,0.6899132132530212,,,0.5150986909866333,,,8.154536601523432e-09,,,4661,5.36516809463501,,,5.36516809463501
,4.3672332763671875,,73,,1.8426239490509033,,,0.25509729981422424,,,5.812951258121757e-06,,4661,,9.704057693481445,,
,,0.5449936985969543,74,,,0.5754430890083313,,,0.4072313904762268,,,3.676343007796845e-09,4699,,,4.560099124908447,
1.9603159427642822,,,74,0.5997480750083923,,,0.39839819073677063,,,1.1555857604150788e-08,,,4724,4.233879566192627,,,4.233879566192627
,4.119401454925537,,74,,1.3911070823669434,,,0.12433487921953201,,,4.941137376590632e-06,,4724,,8.81953239440918,,
,,5.484312057495117,75,,,1.179801344871521,,,-2.4184110164642334,,,1.3756156214128623e-09,4749,,,8.831478118896484,
3.550884246826172,,,75,0.6412482857704163,,,0.13154442608356476,,,7.976853844127163e-09,,,4787,7.018714904785156,,,7.018714904785156
,3.7228589057922363,,75,,1.1460094451904297,,,0.07390040159225464,,,3.510825536068296e-06,,4787,,7.169633388519287,,
,,5.431825637817383,76,,,1.4728114604949951,,,-2.2544567584991455,,,1.210734179579731e-09,4799,,,9.332052230834961,
,,9.725313186645508,76,,,3.717776298522949,,,1.3455877304077148,,,2.812789534800686e-05,4849,,,20.175512313842773,
1.1291139125823975,,,76,0.28755712509155273,,,1.1030677556991577,,,6.821764486630855e-09,,,4850,2.3465487957000732,,,2.3465487957000732
,3.161694288253784,,76,,1.0241552591323853,,,0.27615830302238464,,,3.0008238809386967e-06,,4850,,6.92637825012207,,
,,11.100974082946777,77,,,4.367539405822754,,,1.781262993812561,,,2.9267859645187855e-05,4899,,,23.596595764160156,
1.8775113821029663,,,77,0.428551584482193,,,0.28691038489341736,,,6.437759658695086e-09,,,4913,2.490619421005249,,,2.490619421005249
,3.262166738510132,,77,,0.9104764461517334,,,0.3018682599067688,,,2.609192506497493e-06,,4913,,6.484543800354004,,
,,0.3519825339317322,78,,,0.1259276270866394,,,1.1944942474365234,,,5.777912370774629e-09,4949,,,-0.0064070820808410645,
3.9826228618621826,,,78,1.1360560655593872,,,0.03969528153538704,,,2.902070264099166e-06,,,4976,7.162280082702637,,,7.162280082702637
,3.416264772415161,,78,,0.9579828381538391,,,0.6014672517776489,,,4.0734548747423105e-06,,4976,,6.698118209838867,,
,,4.191475868225098,79,,,0.9670110940933228,,,-2.080167531967163,,,1.999052923196132e-09,4999,,,6.519943714141846,
3.484572410583496,,,79,0.9134736061096191,,,0.41063669323921204,,,3.734343408723362e-06,,,5039,7.184158802032471,,,7.184158802032471
,3.3034579753875732,,79,,0.9278453588485718,,,0.566119909286499,,,3.3092073863372207e-06,,5039,,6.270030498504639,,
,,0.401332288980484,80,,,0.5580697655677795,,,0.3873860239982605,,,6.0628106979265795e-09,5049,,,4.080742835998535,
,,4.51135778427124,80,,,1.0998057126998901,,,-2.5777740478515625,,,2.9416571400986413e-09,5099,,,7.196320533752441,
2.1692044734954834,,,80,0.4052267372608185,,,0.5354920625686646,,,5.4730122656110325e-09,,,5102,4.779903888702393,,,4.779903888702393
,2.8031067848205566,,80,,0.74028080701828,,,0.2436901330947876,,,1.7907952951645711e-06,,5102,,5.401450157165527,,
,,11.563732147216797,81,,,3.8655123710632324,,,2.2214901447296143,,,2.543135269661434e-05,5149,,,23.512348175048828,
7.229585647583008,,,81,2.1430177688598633,,,-0.087954580783844,,,1.282823177461978e-05,,,5165,13.34732723236084,,,13.34732723236084
,2.5151538848876953,,81,,1.108985424041748,,,0.8190239667892456,,,1.3477610991685651e-06,,5165,,5.716620922088623,,
,,1.7194101810455322,82,,,0.14687825739383698,,,0.056421369314193726,,,1.456400333665897e-08,5199,,,1.644239902496338,
1.7073619365692139,,,82,0.47643202543258667,,,0.49815285205841064,,,6.3809291184213635e-09,,,5228,2.7173516750335693,,,2.7173516750335693
,3.698437213897705,,82,,0.951697826385498,,,0.5815346240997314,,,4.0330132833332755e-06,,5228,,6.91231632232666,,
,,3.813058376312256,83,,,0.5690574645996094,,,0.26356959342956543,,,3.2823500362155755e-08,5249,,,5.638038635253906,
2.243448495864868,,,83,0.4216037392616272,,,0.42353639006614685,,,7.984418459727749e-09,,,5291,3.3700051307678223,,,3.3700051307678223
,2.8102803230285645,,83,,0.6384603381156921,,,0.5515629649162292,,,2.6542409159446834e-06,,5291,,4.942919731140137,,
,,0.2540060877799988,84,,,0.43341225385665894,,,0.22475193440914154,,,7.81828823903652e-09,5299,,,3.0019078254699707,
,,4.850027561187744,84,,,3.9345035552978516,,,-18.5377197265625,,,4.704416411982493e-08,5349,,,13.481592178344727,
2.190605401992798,,,84,1.9615055322647095,,,2.046970844268799,,,4.8924786000270615e-08,,,5354,7.509068965911865,,,7.509068965911865
,3.9612886905670166,,84,,1.626151442527771,,,2.8020079135894775,,,5.109148787596496e-06,,5354,,8.697135925292969,,
,,9.281153678894043,85,,,11.819950103759766,,,1.0876177549362183,,,3.1872048566583544e-05,5399,,,35.94451141357422,
3.5761613845825195,,,85,1.937142014503479,,,-0.46018311381340027,,,4.060458195453975e-06,,,5417,10.120615005493164,,,10.120615005493164
,3.6736578941345215,,85,,2.0042781829833984,,,2.0684051513671875,,,5.0677313083724584e-06,,5417,,9.513139724731445,,
,,3.6393933296203613,86,,,0.11754236370325089,,,0.0017251375829800963,,,5.657851964713245e-09,5449,,,7.989326000213623,
4.91249942779541,,,86,6.416425704956055,,,0.9871089458465576,,,2.0305871657910757e-05,,,5480,19.916723251342773,,,19.916723251342773
,3.5572164058685303,,86,,2.269711971282959,,,0.4246620535850525,,,5.710479854315054e-06,,5480,,10.070982933044434,,
,,3.2890048027038574,87,,,0.2882384657859802,,,0.23596197366714478,,,2.876995974787633e-09,5499,,,7.75858736038208,
4.52151346206665,,,87,2.1902546882629395,,,-0.7976680397987366,,,6.080788807594217e-06,,,5543,10.612651824951172,,,10.612651824951172
,3.826263427734375,,87,,2.8133938312530518,,,0.39620593190193176,,,8.58967632666463e-06,,5543,,11.097494125366211,,
,,9.917806625366211,88,,,12.41716480255127,,,0.9304943084716797,,,4.538664506981149e-05,5549,,,37.867923736572266,
,,0.37255191802978516,88,,,0.9075627326965332,,,0.5181154608726501,,,5.235560429639463e-09,5599,,,4.622158527374268,
3.0224337577819824,,,88,2.146510601043701,,,0.8405730128288269,,,8.330455784744117e-06,,,5606,8.956427574157715,,,8.956427574157715
,3.9096782207489014,,88,,3.143744945526123,,,0.39328330755233765,,,9.899221367959399e-06,,5606,,11.927130699157715,,
,,0.3877432942390442,89,,,0.390562504529953,,,3.7243409156799316,,,7.681316027685625e-09,5649,,,0.5995945930480957,
4.444332599639893,,,89,1.5185651779174805,,,0.6211237907409668,,,8.445107596344315e-06,,,5669,9.276013374328613,,,9.276013374328613
,3.6792426109313965,,89,,1.3261699676513672,,,0.5909876227378845,,,6.2471372075378895e-06,,5669,,7.889853477478027,,
,,4.089711666107178,90,,,0.8718051910400391,,,0.22853176295757294,,,2.7191848772645244e-08,5699,,,6.5089497566223145,
2.5589394569396973,,,90,0.4863191843032837,,,0.09674142301082611,,,9.36015887020858e-09,,,5732,4.58986759185791,,,4.58986759185791
,3.819343328475952,,90,,0.9112304449081421,,,0.26943981647491455,,,5.3807066251465585e-06,,5732,,7.059329509735107,,
,,4.781270980834961,91,,,1.4632890224456787,,,-3.1142072677612305,,,3.238815438066922e-09,5749,,,8.29056167602539,
3.384979486465454,,,91,1.1912587881088257,,,0.6013554334640503,,,1.375404508507927e-06,,,5795,7.504550933837891,,,7.504550933837891
,3.1907923221588135,,91,,1.119370937347412,,,0.1758439689874649,,,1.7367777900290093e-06,,5795,,7.03433084487915,,
,,0.4284196197986603,92,,,0.29471683502197266,,,2.767666816711426,,,5.314959139468556e-09,5799,,,0.5606575012207031,
,,0.4042324125766754,92,,,0.5271813869476318,,,0.36870673298835754,,,5.323544272073377e-09,5849,,,3.9839770793914795,
3.628769874572754,,,92,0.9382207989692688,,,0.18710196018218994,,,1.0582050435914425e-06,,,5858,7.08779764175415,,,7.08779764175415
,3.4113330841064453,,92,,1.050795078277588,,,0.33253541588783264,,,1.1807084092652076e-06,,5858,,7.465066432952881,,
,,0.5541897416114807,93,,,0.311826229095459,,,2.8922343254089355,,,5.605094166583058e-09,5899,,,0.7072576284408569,
4.188096523284912,,,93,0.9486820101737976,,,-0.5467883944511414,,,9.699461998025072e-07,,,5921,7.251288890838623,,,7.251288890838623
,3.6538784503936768,,93,,1.1392238140106201,,,0.26742151379585266,,,1.5326642142099445e-06,,5921,,7.415188312530518,,
,,1.296506404876709,94,,,0.18313075602054596,,,0.0031357540283352137,,,7.577739324915456e-09,5949,,,1.3035637140274048,
1.6524168252944946,,,94,0.4306985139846802,,,0.4855182468891144,,,6.353645609635805e-09,,,5984,3.7339372634887695,,,3.7339372634887695
,3.10722279548645,,94,,0.8573122620582581,,,0.4578772485256195,,,9.595112260285532e-07,,5984,,6.1212239265441895,,
,,3.3358242511749268,95,,,0.5428759455680847,,,0.1663108468055725,,,2.0369238740158835e-08,5999,,,4.852369785308838,
2.2706985473632812,,,95,0.33563777804374695,,,0.4769256114959717,,,1.0216357537728982e-08,,,6047,5.000225067138672,,,5.000225067138672
,3.0461647510528564,,95,,0.7161934971809387,,,0.4759686589241028,,,9.030202932081011e-07,,6047,,5.836545944213867,,
,,3.5114307403564453,96,,,0.3853563070297241,,,0.15025398135185242,,,1.9697795394790774e-08,6049,,,4.689289093017578,
,,0.37183910608291626,96,,,0.4020152688026428,,,0.2410503476858139,,,6.471450486600361e-09,6099,,,3.5463175773620605,
1.5045840740203857,,,96,0.5129318833351135,,,0.17704348266124725,,,8.731886325108462e-09,,,6110,4.0254225730896,,,4.0254225730896
,2.7466681003570557,,96,,0.5350341200828552,,,0.5450486540794373,,,5.091934554002364e-07,,6110,,5.217335224151611,,
,,9.914283752441406,97,,,2.46459698677063,,,0.7618167400360107,,,6.1346354414126836e-06,6149,,,18.146692276000977,
2.3243765830993652,,,97,1.2787721157073975,,,0.08863306790590286,,,9.430489278372534e-09,,,6173,5.823898792266846,,,5.823898792266846
,3.588850736618042,,97,,0.7965134382247925,,,0.09214365482330322,,,1.051343247127079e-06,,6173,,6.668126106262207,,
,,3.5220255851745605,98,,,1.1584190130233765,,,17.743183135986328,,,9.609691176137858e-08,6199,,,10.385899543762207,
4.992739200592041,,,98,3.5233750343322754,,,0.5316005945205688,,,1.397974870087637e-06,,,6236,13.764542579650879,,,13.764542579650879
,3.2810261249542236,,98,,3.0888330936431885,,,9.877514839172363,,,5.898118615732528e-07,,6236,,11.11523151397705,,
,,8.228042602539062,99,,,4.531262397766113,,,1.555396556854248,,,4.026201168016996e-06,6249,,,19.360702514648438,
,,4.982393741607666,99,,,0.43033552169799805,,,3.019226312637329,,,2.890400807586957e-08,6299,,,11.992629051208496,
4.6605634689331055,,,99,2.7584095001220703,,,-4.7799811363220215,,,4.946566605212865e-07,,,6299,11.939529418945312,,,11.939529418945312
,3.239281177520752,,99,,2.0386173725128174,,,4.840926170349121,,,5.029195335737313e-07,,6299,,9.863481521606445,,
,,0.9062972068786621,100,,,1.7353495359420776,,,22.95761489868164,,,2.0407803447142214e-08,6349,,,4.6714582443237305,
1.7691006660461426,,,100,1.4752728939056396,,,6.222744941711426,,,1.81012271838199e-08,,,6362,5.614438056945801,,,5.614438056945801
,3.344006299972534,,100,,1.9903720617294312,,,2.6539576053619385,,,5.46761441455601e-07,,6362,,9.194805145263672,,
,,5.434049129486084,101,,,0.16701841354370117,,,0.1517840176820755,,,8.746428470374212e-09,6399,,,12.472057342529297,
6.511142730712891,,,101,2.360077381134033,,,-0.6794137358665466,,,1.1274582902842667e-06,,,6425,12.895651817321777,,,12.895651817321777
,3.5884108543395996,,101,,1.3823248147964478,,,1.5665987730026245,,,3.993536381585727e-07,,6425,,8.582867622375488,,
,,4.925952911376953,102,,,0.11977572739124298,,,0.007057688664644957,,,5.549544823679753e-09,6449,,,11.247220993041992,
2.5896058082580566,,,102,0.9175624251365662,,,0.6974316835403442,,,3.9233256643456116e-07,,,6488,6.076176166534424,,,6.076176166534424
,3.500502347946167,,102,,1.233980655670166,,,0.053315818309783936,,,4.187828039903252e-07,,6488,,8.086219787597656,,
,,0.7537925839424133,103,,,0.53133624792099,,,0.1254410743713379,,,9.418629431934278e-09,6499,,,1.7830890417099,
,,4.765563011169434,103,,,0.20598870515823364,,,0.2217271775007248,,,1.7185147749287921e-09,6549,,,10.750728607177734,
4.473726272583008,,,103,1.3786638975143433,,,-0.5112724304199219,,,8.792475227892282e-07,,,6551,8.244884490966797,,,8.244884490966797
,3.036839246749878,,103,,1.0992956161499023,,,0.37674370408058167,,,5.24621441400086e-07,,6551,,6.873183727264404,,
,,1.0760737657546997,104,,,0.5122404098510742,,,0.09748172014951706,,,1.0401286942851584e-08,6599,,,1.8244249820709229,
2.511089324951172,,,104,0.5684770941734314,,,0.47921037673950195,,,3.6284348858828253e-09,,,6614,4.907013893127441,,,4.907013893127441
,2.88481068611145,,104,,0.8530177474021912,,,0.3358614146709442,,,3.5448834978524246e-07,,6614,,6.364764213562012,,
,,3.1834163665771484,105,,,1.307528018951416,,,0.41323280334472656,,,2.3209210553432058e-08,6649,,,6.189180374145508,
3.0921926498413086,,,105,0.9127457141876221,,,0.21920248866081238,,,4.4568943735612265e-07,,,6677,5.753939151763916,,,5.753939151763916
,3.4476475715637207,,105,,1.1643939018249512,,,0.22532862424850464,,,6.5378475255784e-07,,6677,,7.244908809661865,,
,,4.076534271240234,106,,,1.4073443412780762,,,0.337464302778244,,,2.2943009270193215e-08,6699,,,7.486505031585693,
3.138042449951172,,,106,0.8803380727767944,,,0.05914744362235069,,,5.208224251873617e-07,,,6740,6.191619873046875,,,6.191619873046875
,3.3754966259002686,,106,,0.953874409198761,,,-0.0015667288098484278,,,4.0260604805553157e-07,,6740,,6.509424686431885,,
,,3.7103562355041504,107,,,1.0829577445983887,,,0.3452851474285126,,,2.47615581372429e-08,6749,,,6.331336498260498,
,,3.450618267059326,107,,,0.9759611487388611,,,0.3763361871242523,,,2.3680179594975925e-08,6799,,,5.757730484008789,
2.7188796997070312,,,107,0.6129866242408752,,,-0.17457152903079987,,,3.81620157696716e-09,,,6803,6.1974616050720215,,,6.1974616050720215
,3.716099262237549,,107,,1.0820120573043823,,,0.30642884969711304,,,6.977764996918268e-07,,6803,,7.172585964202881,,
,,4.938271522521973,108,,,0.7409142851829529,,,-1.7436684370040894,,,1.4119576619009422e-09,6849,,,7.180881023406982,
3.51582407951355,,,108,0.7487983107566833,,,0.36572253704071045,,,6.237050911295228e-07,,,6866,7.55691385269165,,,7.55691385269165
,3.387787103652954,,108,,0.8002370595932007,,,0.21908754110336304,,,5.148043555891491e-07,,6866,,6.354940414428711,,
,,1.5833477973937988,109,,,0.26108258962631226,,,0.08483173698186874,,,1.1821205347928299e-08,6899,,,1.786200761795044,
4.104457855224609,,,109,0.6922903656959534,,,0.8439217805862427,,,1.6181841147044906e-06,,,6929,7.226928234100342,,,7.226928234100342
,2.303635358810425,,109,,0.5774563550949097,,,0.33393779397010803,,,3.1426867508344003e-07,,6929,,4.468328475952148,,
,,4.464550018310547,110,,,0.9783755540847778,,,-2.3962502479553223,,,3.1049578463893113e-09,6949,,,6.847988605499268,
5.819662094116211,,,110,0.9560391902923584,,,-0.7351531386375427,,,1.1926017577934545e-06,,,6992,8.991193771362305,,,8.991193771362305
,3.7420873641967773,,110,,0.7892385125160217,,,0.5790889859199524,,,8.359727416973328e-07,,6992,,6.636943817138672,,
,,1.348038673400879,111,,,0.14519843459129333,,,0.03396930918097496,,,1.0636105329808743e-08,6999,,,1.2960491180419922,
,,1.4927546977996826,111,,,0.11275680363178253,,,0.10314066708087921,,,1.2452240127913683e-08,7049,,,1.309478998184204,
3.5922505855560303,,,111,3.4703927040100098,,,1.0075738430023193,,,1.3173670367905288e-06,,,7055,12.196125984191895,,,12.196125984191895
,3.1012814044952393,,111,,1.22212815284729,,,0.46450838446617126,,,5.666640277013357e-07,,7055,,6.678073406219482,,
,,3.9676432609558105,112,,,0.6516522765159607,,,0.26042139530181885,,,2.7408386671368135e-08,7099,,,6.018977642059326,
4.218135356903076,,,112,0.635701060295105,,,-0.12324748188257217,,,4.894747576145164e-07,,,7118,7.230540752410889,,,7.230540752410889
,3.5956554412841797,,112,,1.2517900466918945,,,0.27309590578079224,,,6.875494023006468e-07,,7118,,7.52095365524292,,
,,8.243432998657227,113,,,1.6075506210327148,,,0.842638373374939,,,5.1368069762247615e-06,7149,,,15.200488090515137,
1.8066362142562866,,,113,0.2611612379550934,,,0.6326826810836792,,,1.285123651939557e-08,,,7181,2.638366937637329,,,2.638366937637329
,4.087708473205566,,113,,0.8819003701210022,,,-0.051723990589380264,,,8.563183655496687e-07,,7181,,7.402350425720215,,
,,0.4064311385154724,114,,,0.8859751224517822,,,0.5587302446365356,,,4.3574059915840735e-09,7199,,,4.785717010498047,
4.547845840454102,,,114,0.8299891948699951,,,0.0953664481639862,,,8.797739496912982e-07,,,7244,7.097086429595947,,,7.097086429595947
,3.683357000350952,,114,,0.7242707014083862,,,0.12153865396976471,,,3.980196368047473e-07,,7244,,6.755901336669922,,
,,0.3252646028995514,115,,,1.2734730243682861,,,0.6643514633178711,,,3.873312781621507e-09,7249,,,5.117125988006592,
,,1.8921163082122803,115,,,0.10371027886867523,,,0.1358814835548401,,,1.5657176888339563e-08,7299,,,1.6374876499176025,
4.205665588378906,,,115,0.710779070854187,,,0.44224682450294495,,,9.219220373779535e-07,,,7307,7.211695194244385,,,7.211695194244385
,2.7783875465393066,,115,,0.5959056615829468,,,0.26378974318504333,,,2.635408122841909e-07,,7307,,4.979869842529297,,
,,3.0047664642333984,116,,,0.1658431589603424,,,6.245617987588048e-05,,,6.375747929610043e-09,7349,,,6.661903381347656,
3.266709089279175,,,116,0.40742066502571106,,,0.26954978704452515,,,4.573701062327018e-07,,,7370,5.368868350982666,,,5.368868350982666
,3.1790199279785156,,116,,0.5741531252861023,,,0.7046757936477661,,,4.0386200339526113e-07,,7370,,5.260221481323242,,
