STANDARD_NAME	GOBP_MITOTIC_CELL_CYCLE
SYSTEMATIC_NAME	MM3946
COLLECTION	M5:GO:BP
MSIGDB_URL	https://www.gsea-msigdb.org/gsea/msigdb/mouse/geneset/GOBP_MITOTIC_CELL_CYCLE
NAMESPACE	Mouse_NCBI_Gene_ID
DESCRIPTION_BRIEF	Progression through the phases of the mitotic cell cycle, the most common eukaryotic cell cycle, which canonically comprises four successive phases called G1, S, G2, and M and includes replication of the genome and the subsequent segregation of chromosomes into daughter cells. In some variant cell cycles nuclear replication or nuclear division may not be followed by cell division, or G1 and G2 phases may be absent. [GOC:mah, ISBN:0815316194, Reactome:69278]
DESCRIPTION_FULL	
PMID	
GEOID	
AUTHORS	
CONTRIBUTOR	Gene Ontology
CONTRIBUTOR_ORG	Gene Ontology Consortium
EXACT_SOURCE	GO:0000278
FILTERED_BY_SIMILARITY	GO:1903047
EXTERNAL_NAMES_FOR_SIMILAR_TERMS	mitotic cell cycle process
EXTERNAL_DETAILS_URL	http://amigo.geneontology.org/amigo/term/GO:0000278
SOURCE_MEMBERS	100039535,100041286,100088,100316737,100502766,100504207,100683,101206,101706,101994,102058,102124,102423,102774,102920,103583,103733,103768,104416,104418,105504,105513,105782,105837,105988,106042,106795,107047,107338,107371,107771,107976,107995,108000,108058,108903,108907,108911,108912,108961,108989,109019,109333,109359,110033,110854,110957,11350,11461,114714,11477,11479,11491,11504,11629,11651,116733,116748,116871,117229,11735,11789,11792,11799,11820,11840,11845,118454,11848,11852,11853,11909,11920,12021,12034,12043,12054,12055,12122,12144,12159,12162,12189,12190,12192,12193,12223,12226,12227,12228,12235,12236,12237,12298,12313,12314,12315,12322,12323,12325,12366,12387,12427,12428,12442,12443,12444,12445,12447,12448,12449,12450,12452,12453,12487,12530,12531,12532,12534,12537,12540,12544,12545,12566,12567,12571,12572,12575,12576,12577,12578,12579,12580,12581,12615,12617,12631,12649,12704,12795,12905,12914,13006,13076,13144,13163,13191,13194,13205,13383,13424,13490,13494,13555,13557,13559,13560,13589,13605,13614,13616,13617,13645,13649,13684,13685,13852,13860,13871,13872,13874,13924,13982,14048,14056,14165,14179,14182,14183,14184,14199,14211,14235,14365,14451,14579,14677,14726,14841,15170,15183,15194,15205,15228,15289,15375,15378,15398,15468,15499,15512,15574,15586,15902,15904,15937,16000,16001,16002,16175,16176,16211,16319,16323,16328,16333,16334,16337,16412,16493,16551,16563,16569,16571,16580,16581,16600,16765,16798,16800,16881,16889,16906,16952,170472,170625,17120,17172,17193,17215,17216,17217,17219,17222,17246,17283,17295,17300,17345,17420,17535,17536,17685,17691,17758,17829,17863,17864,17865,17869,17931,17986,17997,18005,18008,18014,18018,18023,18027,18028,18032,18095,18140,18214,18221,18226,18392,18426,18472,18508,18514,18519,18538,18541,18571,18591,18596,18647,18669,18671,18715,18750,18761,18763,18764,18767,18795,18817,18854,18968,18973,19052,19053,19054,19055,19090,19134,19141,19186,19188,19192,19206,19211,192176,19247,193385,19348,19356,19357,19360,19361,19363,19367,193838,19384,19385,194655,194735,19645,19650,19651,19684,19708,19821,19877,19878,19891,19941,20104,20133,20135,20166,20184,20336,20399,20460,20466,20479,20555,20586,20587,20588,20620,20658,20698,20742,208092,20842,20843,20850,20851,208583,208628,208643,20871,208718,208768,20877,20878,209091,209334,20962,209683,210554,210766,211446,211651,211978,212514,21335,21349,213582,21423,214254,214444,214498,215378,215387,215445,216021,216049,216166,216190,21648,216810,216825,216846,216965,217011,217031,217232,21752,217718,217827,21802,21803,218294,21858,218630,21877,218793,218914,218973,218977,219103,219114,21926,21987,22040,22059,22062,22137,22142,22143,22144,22145,22146,22151,22152,22153,22154,22200,22209,22248,22264,223723,223775,22385,22390,223921,224023,22410,22428,225131,225182,225898,22591,226026,226250,22627,22629,22680,227292,227331,227613,228361,228421,228714,229543,229776,229841,230126,230709,230936,231600,231724,231803,232341,232933,233064,233276,233406,233752,233805,234069,234094,234664,234736,234852,234854,234915,235041,235072,235406,235559,235587,235626,235661,237222,237256,237877,23825,238271,23834,238463,238555,239122,23922,23955,23980,23991,239985,24010,240121,240255,24061,24063,24064,240641,240665,24068,24075,240843,24100,241035,24108,241764,244281,244329,245000,246735,259279,26427,26554,268465,268491,268697,268709,26886,268930,26931,26934,269400,26941,269424,26951,269523,269582,26992,270058,270201,27053,270669,27214,27215,27354,27375,27401,28010,28036,28105,28193,29861,29875,30839,30949,30963,319195,319651,319944,320165,320394,320595,327762,327799,328440,328580,329152,330177,330216,368203,380629,380694,381293,381306,381318,381534,381759,381921,381979,382543,382985,386649,387218,387219,387233,404710,406217,434130,434175,436199,448987,50523,50796,50850,50875,50883,50927,51791,51792,51810,51885,51944,52004,52023,52040,52206,52276,52468,52477,52563,52679,52683,52696,53317,53376,53378,53413,53857,53869,53892,54124,54141,54194,54369,54392,54394,54451,544963,545486,545622,54601,56057,56092,56150,56190,56208,56317,56321,56350,56371,56399,56427,56453,56456,56469,56696,56710,56742,57028,57261,57376,57434,57752,57775,57776,57785,57913,58994,59002,59008,59014,59036,59046,59125,59126,60364,60411,622408,624855,628119,633285,636931,63955,64074,65964,66131,66140,66156,66165,66197,66209,66214,66311,66371,66404,66440,66442,66468,66482,66515,66591,66616,66671,66679,66711,66854,66923,66977,66983,66991,66993,67045,67052,67064,67070,67117,67121,67139,67141,67153,67155,67177,67203,67300,67628,67629,67655,67811,67839,67849,67857,67874,67941,67951,67974,68014,68034,68053,68067,68077,68094,68142,68145,68193,68240,68251,68298,68431,68501,68519,68592,68612,68743,68942,68953,68964,69028,69188,69270,69274,69581,69654,69681,69716,69737,69754,69917,69940,69952,69957,70012,70099,70127,70218,70235,70385,70430,70527,70601,70681,70779,70799,70891,71007,71175,71177,71276,71375,71678,71711,71782,71819,71877,71920,71924,71943,71950,72008,72057,72080,72088,72117,72119,72124,72290,72349,723950,723951,723962,72400,72508,72549,72584,72611,72772,72776,72993,73420,73710,73754,73804,73847,73866,74107,74201,74237,74256,74268,74335,74370,74393,74717,74729,74996,75305,75430,75604,75608,75770,75786,75826,75914,76044,76123,76454,76464,76499,76707,76789,76843,76959,77011,77035,77044,77045,77407,77579,77744,77891,78267,78309,78658,78798,78803,78832,78833,78906,79263,80280,80986,81601,81702,83383,83431,83560,83563,83766,83796,83797,83946,84092,93695,93759,93760,93762,98733,99152,99375,99412
GENE_SYMBOLS	Ube2srt,Snhg15,Rcc1,Mir664,Kifc1,Arhgap33os,Trrap,Tada3,Numa1,Champ1,Exoc8,Enkd1,Hinfp,Bbs4,Cenpi,Fbxw11,Tubg1,Tubg2,Bap1,Dgkz,Exoc5,Chmp7,Scrib,Mtbp,Espl1,Prickle1,Tcf19,Psmg2,Gbf1,Exoc6,Bmyc,Babam2,Cdc20,Cenpf,Camk2d,Tbcd,Nusap1,Rcc2,Cdca2,E2f8,Tpr,Nabp1,Pkn2,Abraxas2,Kif22,Ptpa,D1Pas1,Abl1,Actb,Rad51c,Acvr1,Acvr1b,Adam17,Adamts1,Aif1,Akt1,Vps4a,Lsm10,Mta3,Stk33,Ank3,Apc,Apex1,Birc5,App,Arf1,Arf6,Gjc2,Rhoa,Rhob,Rhoc,Atf2,Atm,Bard1,Phb2,Bcl2,Bcl7b,Bcl7c,Bid,Blm,Bmp4,Bmp7,Brca1,Brca2,Zfp36l1,Zfp36l2,Btc,Btg1,Btg2,Btg3,Bub1,Bub1b,Bub3,Cacnb4,Calm1,Calm2,Calm3,Camk2a,Camk2b,Camk2g,Casp2,Ctnnb1,Ccna1,Ccna2,Ccnb2,Ccnd1,Ccnd2,Ccnd3,Ccne1,Ccne2,Ccnf,Ccng1,Ccng2,Ccni,Cd28,Cdc25a,Cdc25b,Cdc25c,Cdk1,Cdk11b,Cdc42,Cdc45,Cdc7,Cdk2,Cdk4,Cdk6,Cdk7,Cdkn1a,Cdkn1b,Cdkn1c,Cdkn2a,Cdkn2b,Cdkn2c,Cdkn2d,Cenpa,Cenpc1,Cfl1,Chek1,Cit,Plk3,Cradd,Crebbp,Smc3,Cyp1a1,Dapk3,Daxx,Dctn1,Ddb1,Ddx3x,Dlg1,Dync1h1,Drd3,Drg1,E2f1,E2f3,E2f5,E4f1,Mapre1,Ect2,Edn1,Edn3,Ednra,Egf,Egfr,Eif4e,Eif4ebp1,Stx2,Eps8,Ercc2,Ercc3,Ereg,Ptprv,Esr1,Eya1,Ezh2,Fgf10,Fgf8,Fgfr1,Fgfr2,Fgfr3,Fhl1,Smc2,Foxm1,Fzd3,Gas1,Gem,Gnai1,Pdpn,Haspin,Ptpn6,Hdac3,Htt,Hes1,Foxg1,Hmgb1,Foxa1,Hnf4a,Hoxa13,Prmt2,Hsf1,Hspa2,Hus1,Hyal1,Id2,Id4,Ier3,Igf1,Igf1r,Igf2,Il1a,Il1b,Kpnb1,Incenp,Inhba,Cep250,Ins1,Ins2,Insr,Itgb1,Kcna5,Kif11,Kif2a,Kif3b,Kif4,Kifc5b,Kifc2,Klf4,Stmn1,Lats1,Arhgef2,Lig1,Lipa,Lmnb1,Anxa1,Recql5,Snx18,Mad1l1,Ascl1,Mbd4,Mcm3,Mcm2,Mcm4,Mcm6,Anapc1,Mdm2,Men1,Met,Foxc1,Mki67,Mnat1,Mre11a,Meis2,Msh2,Sik1,Map4,Muc1,Myb,Mybl1,Mybl2,Myc,Ppp1r12a,Ndp,Nedd1,Nek2,Nes,Neurog1,Nfatc1,Nfe2l1,Nfia,Nfib,Nfix,Nkx3-1,Uhrf1,Ddr2,Nudc,Nup62,Orc1,Ovol1,Pafah1b1,Pax6,Pbx1,Kat2b,Pcna,Pcnt,Pdcd6ip,Pdgfb,Pdgfrb,Cdk14,Abcb1b,Abcb1a,Pim2,Prkca,Prkcq,Pkd1,Pkd2,Pkia,Plcb1,Plk1,Pml,Pola1,Pole,Ppp2ca,Ppp2cb,Ppp2r3d,Ppp3ca,Prkdc,Prpf4b,Lgmn,Psme1,Psme2,Psme3,Ptch1,Pten,Flna,Ptpn11,Ripor2,Kif20a,Rad17,Rad21,Rad50,Rad51,Rad51b,Rad9a,Eme2,Ran,Ranbp1,Klf11,Btg1c,Rb1,Rbl1,Rbl2,Rdx,Dpf2,Rnf2,Rock1,Rock2,Rpa2,Rpl26,Rps6,Rrm1,Rrm2,Rtkn,Uimc1,Exoc4,Sh2b1,Stil,Sin3a,Vps4b,Slfn1,Smarca4,Smarcb1,Smarcc1,Plk2,Son,Sphk1,Sptbn1,Chmp6,Stag1,Stag2,Stat5a,Stat5b,Nek11,Kntc1,Eif4g1,Aurkc,Dis3l2,Sde2,Aurkb,Aurka,Ccnb3,Gen1,Sycp3,Ttc28,Hus1b,Brcc3,Exoc3,Fancd2,Zfyve26,Spice1,Tacc3,Tal1,Map9,Tcf3,Nudt15,Cdk5rap2,Cdc73,Brinp3,Ncaph,Rab11fip3,Stox1,Zfp365,Plk5,Appl2,Dynlt1b,Tom1l2,Usp22,Cntrob,Taok1,Nle1,Tada2a,Cdc27,Tert,Nek9,Nrde2,Tgfa,Tgfb1,Cdc14b,Timp2,Ccno,Tk1,Ube2e2,Wapl,Wdhd1,Dlgap5,Cenpj,Ska3,Tnf,Tpd52l1,Trex1,Trp53,Trp73,Ttk,Tuba1a,Tuba1b,Tuba3a,Tuba4a,Tuba1c,Tubb2a,Tubb3,Tubb4a,Tubb5,Uba3,Ube2a,Unc119,Prap1,Ttll12,Pim3,Baz1b,Wee1,Aaas,Klhl22,Wnt10b,Dctn6,Wac,Rbbp8,Eml3,Xpc,Smc5,Afap1l2,Ywhae,Ywhah,Zfp207,Ctdsp1,Gigyf2,Tubb4b,Ambra1,Kif18a,Kat14,Ints3,Cdc14a,Cenpe,Shb,Zmpste24,Phf13,Chfr,Rad9b,Mepce,Wnk1,Ccdc61,Wdr62,Tubgcp5,Prc1,Insc,Dcun1d3,Pcid2,Arhgef10,Nae1,Rfwd3,Chmp1a,Cdk10,Cep126,Kank2,Septin7,Snx33,Topbp1,Parp3,Setd2,Dync1li1,Ofd1,Zc3h12d,Atad5,Banf1,Kcnh5,Cdc6,Tubal3,Btn2a2,Setdb2,Jtb,Nek4,Pebp1,Cib1,Arid1b,Ik,Fsd1,Ythdc2,Smc1a,Spry1,Spry2,Kif20b,Ccnj,Sra1,Taf10,Brinp2,Tpra1,Pkhd1,Ubd,L3mbtl1,Myo16,Mcph1,Atr,AY074887,Tubgcp3,Creb3l1,Cul3,Eme1,Meioc,Ccnb1,Fam107a,Cenph,Pkmyt1,Ppp2r5c,Racgap1,Rtel1,Nherf1,Jade1,Zw10,Vcp,Clspn,Brd7,Map1s,Klhl18,Asns,Mbtps2,Dbf4,Azi2,Nbn,Tjp3,Skp2,Miip,Larp7,Trim36,Reep3,Dpf1,Iqgap1,Fbxw5,Lcmt1,Hacd1,Rpl17,Usp37,Taf2,Tacc1,Cenpt,Phf8,Dna2,Usp44,Npm2,Tubgcp6,Hecw2,Taok3,Mblac1,Brcc3dc,Heca,Ccnjl,Kif14,Firrm,Nsl1,Ube2u,Wee2,Taok2,Brsk1,Ankfn1,Rrm2b,Nsfl1c,Mir26a-1,Mir26b,Mir124a-1,Iqgap3,Bex4,Ccdc8,Ccnb1-ps,Btg1b,Fbxl7,Lats2,Dmrt1,Spast,Tmod3,Chek2,Nasp,Rgs14,Ppp2r1a,Hnrnpu,Tubgcp4,Knstrn,Cdk2ap2,Pibf1,Ppp1r10,Anapc4,Cdca8,Ctdsp2,Angel2,Cdc23,E2f7,Ncaph2,Zwint,Plrg1,Usp2,Sdcbp,Exoc7,Tuba8,Rab11a,Ppm1d,Cks1b,Spag5,Akap8l,Nme6,Ncapg,Crlf3,Cpsf3,Iqgap2,Tubb1,Ptpn3,Foxo4,Btg4,Cts7,Mad2l1,Rbm38,Becn1,Anapc7,Aatf,Arl3,Fzr1,Akap8,Tubd1,Mbtps1,Actl6a,Pias1,Gpr132,Brinp1,Psrc1,Pdxp,Brd4,Smarce1,Xrcc2,Tacc2,Usp29,Ttyh1,Rangrf,Pidd1,Smpd3,Wrap73,Anapc5,Rrs1,Dact1,Arpp19,Nek7,Nek6,Donson,Cenpk,Mcidas,Cks1brt,Anapc15-ps,Rbm46,Trim71,Cables1,Smoc2,Map3k20,Tipin,Ska2,Anapc11,Bccip,Cks2,Inip,Rgcc,Cenpw,Chmp4c,Rtf2,Cdc26,Spc25,Ska1,Exoc2,Cul7,Mad2l1bp,Snx9,Ccnh,Rae1,Sbds,Trim35,Pbrm1,Nuf2,Zfp830,Khdc3,Smarcd3,Riok2,Ndc80,Chmp1b,Lsm14a,Dynlt3,Mastl,Mis12,Fbxo5,Rnaseh2b,Smarca2,Cdt1,Nde1,Cltc,Anp32b,Spc24,Ctdp1,Poldip2,Gpsm1,Cdca5,Ppp6c,Rprm,Rps27l,Tubb6,Ccny,Zwilch,Pabir1,Ubxn2b,Mrnip,Nop53,Smarcc2,Ino80,Etaa1,Rpl24,Rpa3,Babam1,Ncapd2,Fbxl15,Nsmce2,Eml1,Syf2,Ube2c,Anln,Chmp2b,Chmp2a,Ctc1,Mitd1,Kmt2e,Gins1,Ctdspl,Rhou,Dctn2,Cdk3,Trip13,Ttl,Fbxo7,Nabp2,Exoc1,Tunar,Cdc16,Cep85,Smc4,Dpf3,Kif18b,Poc1a,Spdl1,Tbce,Stambp,Ecd,Abraxas1,Prdm5,Cep192,Spdya,D7Ertd443e,Nipbl,Ints13,Ccdc57,Foxn3,Brox,Mus81,Ankle2,Kif23,Efhc1,Epgn,Tube1,Tom1l1,Nanog,Zfyve19,Phf10,Sapcd2,Ush1c,Naa50,Tpx2,Seh1l,Lsm11,Dusp3,Mir124a-2,Mir124a-3,Mir26a-2,Pinx1,Rps6kb1,Reep4,Cul4b,Zfp655,Rint1,Sass6,Appl1,Ccsap,Tubb2b,Thap1,Kif2c,Fam110a,Pabir3,Cep55,Cep97,Tubgcp2,Cyld,Aven,Xrcc3,Rptor,Map10,Spata17,Setmar,Usp47,Ankrd53,Anapc15,Tm4sf5,Chmp4b,Brsk2,Ckap5,Senp2,Exoc6b,Ncapg2,Gpsm2,Fbxo31,Knl1,Clasp2,Clasp1,Mzt1,Dtl,Chmp5,Ticrr,Kdm8,Arid2,Bcl7a,Rab35,Myh10,Bora,Ube2s,Klhdc8b,Cul9,Ncapd3,Eml4,Fbxo43,Cacul1,Gins3,Misp,Trim39,Cdk5rap3,Ckap2,Kat5,Ankrd17,Tfap4,Ndel1,Tex14,Usp26,Actl6b,Smarcd2,Smarcd1,Phip,Usp8,Gpnmb,Sirt1,Arid1a,Smarca5,Obsl1,Anapc2,Cul4a,Golga2
FOUNDER_NAMES	