STANDARD_NAME	HALLMARK_G2M_CHECKPOINT
SYSTEMATIC_NAME	MM3868
COLLECTION	MH
MSIGDB_URL	https://www.gsea-msigdb.org/gsea/msigdb/mouse/geneset/HALLMARK_G2M_CHECKPOINT
NAMESPACE	MGI_ID
DESCRIPTION_BRIEF	Mouse genes annotated to HALLMARK_G2M_CHECKPOINT based on orthology mappings provided by the Alliance Genome Consortium
DESCRIPTION_FULL	
PMID	30224793
GEOID	
AUTHORS	Howe DG,Blake JA,Bradford YM,Bult CJ,Calvi BR,Engel SR,Kadin JA,Kaufman TC,Kishore R,Laulederkind SJF,Lewis SE,Moxon SAT,Richardson JE,Smith C
CONTRIBUTOR	Mouse Genome Informatics (MGI)
CONTRIBUTOR_ORG	The Jackson Laboratory (JAX)
EXACT_SOURCE	Alliance Genome Consortium orthologs based on HALLMARK_G2M_CHECKPOINT
FILTERED_BY_SIMILARITY	
EXTERNAL_NAMES_FOR_SIMILAR_TERMS	
EXTERNAL_DETAILS_URL	http://www.broadinstitute.org/gsea/msigdb/cards/HALLMARK_G2M_CHECKPOINT
SOURCE_MEMBERS	MGI:101783,MGI:101785,MGI:101845,MGI:101924,MGI:101934,MGI:101941,MGI:101947,MGI:102551,MGI:102685,MGI:102688,MGI:103012,MGI:103067,MGI:103079,MGI:103197,MGI:103198,MGI:103300,MGI:104565,MGI:104634,MGI:104662,MGI:104667,MGI:104717,MGI:105050,MGI:105128,MGI:105369,MGI:105380,MGI:105384,MGI:105388,MGI:106016,MGI:106035,MGI:106067,MGI:106207,MGI:106918,MGI:106920,MGI:107168,MGI:107444,MGI:107477,MGI:107532,MGI:107708,MGI:107940,MGI:107995,MGI:108016,MGI:108069,MGI:108389,MGI:108396,MGI:108564,MGI:109152,MGI:109233,MGI:109296,MGI:109337,MGI:109359,MGI:109404,MGI:109447,MGI:109520,MGI:109584,MGI:1096340,MGI:1096341,MGI:109635,MGI:1096361,MGI:1096377,MGI:1098219,MGI:1098230,MGI:1098231,MGI:1098258,MGI:1098268,MGI:1098658,MGI:1098824,MGI:1099440,MGI:1100510,MGI:1100515,MGI:1194921,MGI:1196391,MGI:1201674,MGI:1202065,MGI:1203517,MGI:1203524,MGI:1276574,MGI:1277962,MGI:1289156,MGI:1298205,MGI:1298227,MGI:1309511,MGI:1313288,MGI:1313302,MGI:1316728,MGI:1328361,MGI:1328363,MGI:1333805,MGI:1338073,MGI:1339939,MGI:1339973,MGI:1341163,MGI:1343463,MGI:1344345,MGI:1344353,MGI:1345150,MGI:1346865,MGI:1347044,MGI:1347360,MGI:1349399,MGI:1349423,MGI:1349427,MGI:1349658,MGI:1351328,MGI:1351331,MGI:1351465,MGI:1351502,MGI:1351645,MGI:1353578,MGI:1355328,MGI:1858195,MGI:1858961,MGI:1859866,MGI:1860374,MGI:1861727,MGI:1888388,MGI:1889208,MGI:1891690,MGI:1913447,MGI:1914302,MGI:1914391,MGI:1914487,MGI:1915206,MGI:1915528,MGI:1915862,MGI:1917349,MGI:1918019,MGI:1918625,MGI:1918764,MGI:1919069,MGI:1919369,MGI:1919641,MGI:1920159,MGI:1920336,MGI:1921019,MGI:1921054,MGI:1922967,MGI:1923714,MGI:1924855,MGI:1925141,MGI:1925983,MGI:1929129,MGI:1929285,MGI:1931744,MGI:2138281,MGI:2140945,MGI:2141857,MGI:2144013,MGI:2145895,MGI:2146156,MGI:2155399,MGI:2384849,MGI:2443258,MGI:2443665,MGI:2443713,MGI:2443881,MGI:2444354,MGI:2444576,MGI:2448399,MGI:2675669,MGI:2682295,MGI:87859,MGI:88004,MGI:88117,MGI:88140,MGI:88311,MGI:88313,MGI:88351,MGI:88357,MGI:88375,MGI:894678,MGI:894697,MGI:94909,MGI:95290,MGI:95480,MGI:96161,MGI:96192,MGI:96739,MGI:96795,MGI:96907,MGI:97250,MGI:97286,MGI:97364,MGI:97402,MGI:97621,MGI:97758,MGI:98283,MGI:98284,MGI:98344,MGI:98725,MGI:98788,MGI:98790,MGI:99430,MGI:99690,MGI:99701,MGI:99960
GENE_SYMBOLS	Plk4,Mybl2,Mcm3,Slc12a2,Tfdp1,E2f1,Hnrnpd,Ccnf,Cdc27,H2ax,E2f4,Atrx,Pura,Mcm5,Cdc25a,Rbl1,Cdkn1b,Tle3,Pml,Hmmr,Meis1,Mtf2,Rad23b,Cbx1,Mcm2,Hspa8,Cdkn2c,Tra2b,Mki67,Smc2,Mnat1,Hif1a,Tmpo,Aurkb,Efna5,Stil,Kpnb1,Ss18,Ezh2,Upf1,Rad21,Ccna2,Kif4,Dtymk,Meis2,Lig3,Kif22,Sqle,Brca2,Nek2,Nup98,Ctcf,Pafah1b1,Prpf4b,E2f3,E2f2,Wrn,Jpt1,Traip,Hmgb3,Cenpe,Kif11,Kif15,Kif5b,Stag1,Odf2,Suv39h1,Bub1,Dr1,Ttk,Pole,Smad3,Chek1,Birc5,Smarcc1,Nsd2,Hus1,Pbk,Slc7a5,Mcm6,Cdc7,Incenp,Cenpf,Gspt1,Bard1,Ccnt1,Srsf10,Cdc45,Rpa2,Ilf3,Tacc3,Bub3,Smc1a,Katna1,Cdc6,Mapk14,Orc5,Cul3,Casp8ap2,Racgap1,Exo1,Cul1,Dbf4,Chaf1a,G3bp1,Nup50,Prmt5,Pttg1,Nasp,Hnrnpu,Prc1,Cdc20,Mad2l1,Dkc1,H2az1,Cks1b,Syncrip,Cks2,Ndc80,Fbxo5,Cul4a,Kmt5a,Ddx39a,Ube2c,Smc4,Nolc1,Foxn3,Sfpq,Kif23,Tpx2,Cdkn3,Chmp1a,Rps6ka5,Gins2,Kif2c,Cul5,Knl1,H2az2,Ube2s,Troap,Sap30,Orc6,Uck2,Lbr,Pds5b,Atf5,Xpo1,Slc38a1,Espl1,Polq,Tnpo2,Map3k20,Numa1,Ythdc1,Rasal2,Arid4a,Kif20b,H2bc12,Nusap1,Tent4a,Abl1,Amd1,Slc7a1,Bcl3,Ccnb2,Ccnd1,Cdk1,Cdk4,Cenpa,Aurka,Rad54l,Dmd,Egf,Fancc,Hmga1b,Hoxc10,Stmn1,Lmnb1,Marcks,Myc,Ncl,Notch2,Odc1,Plk1,Prim2,Srsf1,Srsf2,Snrpd1,Tgfb1,Top1,Top2a,Hira,Pola2,Cdc25b,Ewsr1
FOUNDER_NAMES	