,gene_symbol
0,Ube2srt
1,Snhg15
2,Rcc1
3,Mir664
4,Kifc1
5,Arhgap33os
6,Trrap
7,Tada3
8,Numa1
9,Champ1
10,Exoc8
11,Enkd1
12,Hinfp
13,Bbs4
14,Cenpi
15,Fbxw11
16,Tubg1
17,Tubg2
18,Bap1
19,Dgkz
20,Exoc5
21,Chmp7
22,Scrib
23,Mtbp
24,Espl1
25,Prickle1
26,Tcf19
27,Psmg2
28,Gbf1
29,Exoc6
30,Bmyc
31,Babam2
32,Cdc20
33,Cenpf
34,Camk2d
35,Tbcd
36,Nusap1
37,Rcc2
38,Cdca2
39,E2f8
40,Tpr
41,Nabp1
42,Pkn2
43,Abraxas2
44,Kif22
45,Ptpa
46,D1Pas1
47,Abl1
48,Actb
49,Rad51c
50,Acvr1
51,Acvr1b
52,Adam17
53,Adamts1
54,Aif1
55,Akt1
56,Vps4a
57,Lsm10
58,Mta3
59,Stk33
60,Ank3
61,Apc
62,Apex1
63,Birc5
64,App
65,Arf1
66,Arf6
67,Gjc2
68,Rhoa
69,Rhob
70,Rhoc
71,Atf2
72,Atm
73,Bard1
74,Phb2
75,Bcl2
76,Bcl7b
77,Bcl7c
78,Bid
79,Blm
80,Bmp4
81,Bmp7
82,Brca1
83,Brca2
84,Zfp36l1
85,Zfp36l2
86,Btc
87,Btg1
88,Btg2
89,Btg3
90,Bub1
91,Bub1b
92,Bub3
93,Cacnb4
94,Calm1
95,Calm2
96,Calm3
97,Camk2a
98,Camk2b
99,Camk2g
100,Casp2
101,Ctnnb1
102,Ccna1
103,Ccna2
104,Ccnb2
105,Ccnd1
106,Ccnd2
107,Ccnd3
108,Ccne1
109,Ccne2
110,Ccnf
111,Ccng1
112,Ccng2
113,Ccni
114,Cd28
115,Cdc25a
116,Cdc25b
117,Cdc25c
118,Cdk1
119,Cdk11b
120,Cdc42
121,Cdc45
122,Cdc7
123,Cdk2
124,Cdk4
125,Cdk6
126,Cdk7
127,Cdkn1a
128,Cdkn1b
129,Cdkn1c
130,Cdkn2a
131,Cdkn2b
132,Cdkn2c
133,Cdkn2d
134,Cenpa
135,Cenpc1
136,Cfl1
137,Chek1
138,Cit
139,Plk3
140,Cradd
141,Crebbp
142,Smc3
143,Cyp1a1
144,Dapk3
145,Daxx
146,Dctn1
147,Ddb1
148,Ddx3x
149,Dlg1
150,Dync1h1
151,Drd3
152,Drg1
153,E2f1
154,E2f3
155,E2f5
156,E4f1
157,Mapre1
158,Ect2
159,Edn1
160,Edn3
161,Ednra
162,Egf
163,Egfr
164,Eif4e
165,Eif4ebp1
166,Stx2
167,Eps8
168,Ercc2
169,Ercc3
170,Ereg
171,Ptprv
172,Esr1
173,Eya1
174,Ezh2
175,Fgf10
176,Fgf8
177,Fgfr1
178,Fgfr2
179,Fgfr3
180,Fhl1
181,Smc2
182,Foxm1
183,Fzd3
184,Gas1
185,Gem
186,Gnai1
187,Pdpn
188,Haspin
189,Ptpn6
190,Hdac3
191,Htt
192,Hes1
193,Foxg1
194,Hmgb1
195,Foxa1
196,Hnf4a
197,Hoxa13
198,Prmt2
199,Hsf1
200,Hspa2
201,Hus1
202,Hyal1
203,Id2
204,Id4
205,Ier3
206,Igf1
207,Igf1r
208,Igf2
209,Il1a
210,Il1b
211,Kpnb1
212,Incenp
213,Inhba
214,Cep250
215,Ins1
216,Ins2
217,Insr
218,Itgb1
219,Kcna5
220,Kif11
221,Kif2a
222,Kif3b
223,Kif4
224,Kifc5b
225,Kifc2
226,Klf4
227,Stmn1
228,Lats1
229,Arhgef2
230,Lig1
231,Lipa
232,Lmnb1
233,Anxa1
234,Recql5
235,Snx18
236,Mad1l1
237,Ascl1
238,Mbd4
239,Mcm3
240,Mcm2
241,Mcm4
242,Mcm6
243,Anapc1
244,Mdm2
245,Men1
246,Met
247,Foxc1
248,Mki67
249,Mnat1
250,Mre11a
251,Meis2
252,Msh2
253,Sik1
254,Map4
255,Muc1
256,Myb
257,Mybl1
258,Mybl2
259,Myc
260,Ppp1r12a
261,Ndp
262,Nedd1
263,Nek2
264,Nes
265,Neurog1
266,Nfatc1
267,Nfe2l1
268,Nfia
269,Nfib
270,Nfix
271,Nkx3-1
272,Uhrf1
273,Ddr2
274,Nudc
275,Nup62
276,Orc1
277,Ovol1
278,Pafah1b1
279,Pax6
280,Pbx1
281,Kat2b
282,Pcna
283,Pcnt
284,Pdcd6ip
285,Pdgfb
286,Pdgfrb
287,Cdk14
288,Abcb1b
289,Abcb1a
290,Pim2
291,Prkca
292,Prkcq
293,Pkd1
294,Pkd2
295,Pkia
296,Plcb1
297,Plk1
298,Pml
299,Pola1
300,Pole
301,Ppp2ca
302,Ppp2cb
303,Ppp2r3d
304,Ppp3ca
305,Prkdc
306,Prpf4b
307,Lgmn
308,Psme1
309,Psme2
310,Psme3
311,Ptch1
312,Pten
313,Flna
314,Ptpn11
315,Ripor2
316,Kif20a
317,Rad17
318,Rad21
319,Rad50
320,Rad51
321,Rad51b
322,Rad9a
323,Eme2
324,Ran
325,Ranbp1
326,Klf11
327,Btg1c
328,Rb1
329,Rbl1
330,Rbl2
331,Rdx
332,Dpf2
333,Rnf2
334,Rock1
335,Rock2
336,Rpa2
337,Rpl26
338,Rps6
339,Rrm1
340,Rrm2
341,Rtkn
342,Uimc1
343,Exoc4
344,Sh2b1
345,Stil
346,Sin3a
347,Vps4b
348,Slfn1
349,Smarca4
350,Smarcb1
351,Smarcc1
352,Plk2
353,Son
354,Sphk1
355,Sptbn1
356,Chmp6
357,Stag1
358,Stag2
359,Stat5a
360,Stat5b
361,Nek11
362,Kntc1
363,Eif4g1
364,Aurkc
365,Dis3l2
366,Sde2
367,Aurkb
368,Aurka
369,Ccnb3
370,Gen1
371,Sycp3
372,Ttc28
373,Hus1b
374,Brcc3
375,Exoc3
376,Fancd2
377,Zfyve26
378,Spice1
379,Tacc3
380,Tal1
381,Map9
382,Tcf3
383,Nudt15
384,Cdk5rap2
385,Cdc73
386,Brinp3
387,Ncaph
388,Rab11fip3
389,Stox1
390,Zfp365
391,Plk5
392,Appl2
393,Dynlt1b
394,Tom1l2
395,Usp22
396,Cntrob
397,Taok1
398,Nle1
399,Tada2a
400,Cdc27
401,Tert
402,Nek9
403,Nrde2
404,Tgfa
405,Tgfb1
406,Cdc14b
407,Timp2
408,Ccno
409,Tk1
410,Ube2e2
411,Wapl
412,Wdhd1
413,Dlgap5
414,Cenpj
415,Ska3
416,Tnf
417,Tpd52l1
418,Trex1
419,Trp53
420,Trp73
421,Ttk
422,Tuba1a
423,Tuba1b
424,Tuba3a
425,Tuba4a
426,Tuba1c
427,Tubb2a
428,Tubb3
429,Tubb4a
430,Tubb5
431,Uba3
432,Ube2a
433,Unc119
434,Prap1
435,Ttll12
436,Pim3
437,Baz1b
438,Wee1
439,Aaas
440,Klhl22
441,Wnt10b
442,Dctn6
443,Wac
444,Rbbp8
445,Eml3
446,Xpc
447,Smc5
448,Afap1l2
449,Ywhae
450,Ywhah
451,Zfp207
452,Ctdsp1
453,Gigyf2
454,Tubb4b
455,Ambra1
456,Kif18a
457,Kat14
458,Ints3
459,Cdc14a
460,Cenpe
461,Shb
462,Zmpste24
463,Phf13
464,Chfr
465,Rad9b
466,Mepce
467,Wnk1
468,Ccdc61
469,Wdr62
470,Tubgcp5
471,Prc1
472,Insc
473,Dcun1d3
474,Pcid2
475,Arhgef10
476,Nae1
477,Rfwd3
478,Chmp1a
479,Cdk10
480,Cep126
481,Kank2
482,Septin7
483,Snx33
484,Topbp1
485,Parp3
486,Setd2
487,Dync1li1
488,Ofd1
489,Zc3h12d
490,Atad5
491,Banf1
492,Kcnh5
493,Cdc6
494,Tubal3
495,Btn2a2
496,Setdb2
497,Jtb
498,Nek4
499,Pebp1
500,Cib1
501,Arid1b
502,Ik
503,Fsd1
504,Ythdc2
505,Smc1a
506,Spry1
507,Spry2
508,Kif20b
509,Ccnj
510,Sra1
511,Taf10
512,Brinp2
513,Tpra1
514,Pkhd1
515,Ubd
516,L3mbtl1
517,Myo16
518,Mcph1
519,Atr
520,AY074887
521,Tubgcp3
522,Creb3l1
523,Cul3
524,Eme1
525,Meioc
526,Ccnb1
527,Fam107a
528,Cenph
529,Pkmyt1
530,Ppp2r5c
531,Racgap1
532,Rtel1
533,Nherf1
534,Jade1
535,Zw10
536,Vcp
537,Clspn
538,Brd7
539,Map1s
540,Klhl18
541,Asns
542,Mbtps2
543,Dbf4
544,Azi2
545,Nbn
546,Tjp3
547,Skp2
548,Miip
549,Larp7
550,Trim36
551,Reep3
552,Dpf1
553,Iqgap1
554,Fbxw5
555,Lcmt1
556,Hacd1
557,Rpl17
558,Usp37
559,Taf2
560,Tacc1
561,Cenpt
562,Phf8
563,Dna2
564,Usp44
565,Npm2
566,Tubgcp6
567,Hecw2
568,Taok3
569,Mblac1
570,Brcc3dc
571,Heca
572,Ccnjl
573,Kif14
574,Firrm
575,Nsl1
576,Ube2u
577,Wee2
578,Taok2
579,Brsk1
580,Ankfn1
581,Rrm2b
582,Nsfl1c
583,Mir26a-1
584,Mir26b
585,Mir124a-1
586,Iqgap3
587,Bex4
588,Ccdc8
589,Ccnb1-ps
590,Btg1b
591,Fbxl7
592,Lats2
593,Dmrt1
594,Spast
595,Tmod3
596,Chek2
597,Nasp
598,Rgs14
599,Ppp2r1a
600,Hnrnpu
601,Tubgcp4
602,Knstrn
603,Cdk2ap2
604,Pibf1
605,Ppp1r10
606,Anapc4
607,Cdca8
608,Ctdsp2
609,Angel2
610,Cdc23
611,E2f7
612,Ncaph2
613,Zwint
614,Plrg1
615,Usp2
616,Sdcbp
617,Exoc7
618,Tuba8
619,Rab11a
620,Ppm1d
621,Cks1b
622,Spag5
623,Akap8l
624,Nme6
625,Ncapg
626,Crlf3
627,Cpsf3
628,Iqgap2
629,Tubb1
630,Ptpn3
631,Foxo4
632,Btg4
633,Cts7
634,Mad2l1
635,Rbm38
636,Becn1
637,Anapc7
638,Aatf
639,Arl3
640,Fzr1
641,Akap8
642,Tubd1
643,Mbtps1
644,Actl6a
645,Pias1
646,Gpr132
647,Brinp1
648,Psrc1
649,Pdxp
650,Brd4
651,Smarce1
652,Xrcc2
653,Tacc2
654,Usp29
655,Ttyh1
656,Rangrf
657,Pidd1
658,Smpd3
659,Wrap73
660,Anapc5
661,Rrs1
662,Dact1
663,Arpp19
664,Nek7
665,Nek6
666,Donson
667,Cenpk
668,Mcidas
669,Cks1brt
670,Anapc15-ps
671,Rbm46
672,Trim71
673,Cables1
674,Smoc2
675,Map3k20
676,Tipin
677,Ska2
678,Anapc11
679,Bccip
680,Cks2
681,Inip
682,Rgcc
683,Cenpw
684,Chmp4c
685,Rtf2
686,Cdc26
687,Spc25
688,Ska1
689,Exoc2
690,Cul7
691,Mad2l1bp
692,Snx9
693,Ccnh
694,Rae1
695,Sbds
696,Trim35
697,Pbrm1
698,Nuf2
699,Zfp830
700,Khdc3
701,Smarcd3
702,Riok2
703,Ndc80
704,Chmp1b
705,Lsm14a
706,Dynlt3
707,Mastl
708,Mis12
709,Fbxo5
710,Rnaseh2b
711,Smarca2
712,Cdt1
713,Nde1
714,Cltc
715,Anp32b
716,Spc24
717,Ctdp1
718,Poldip2
719,Gpsm1
720,Cdca5
721,Ppp6c
722,Rprm
723,Rps27l
724,Tubb6
725,Ccny
726,Zwilch
727,Pabir1
728,Ubxn2b
729,Mrnip
730,Nop53
731,Smarcc2
732,Ino80
733,Etaa1
734,Rpl24
735,Rpa3
736,Babam1
737,Ncapd2
738,Fbxl15
739,Nsmce2
740,Eml1
741,Syf2
742,Ube2c
743,Anln
744,Chmp2b
745,Chmp2a
746,Ctc1
747,Mitd1
748,Kmt2e
749,Gins1
750,Ctdspl
751,Rhou
752,Dctn2
753,Cdk3
754,Trip13
755,Ttl
756,Fbxo7
757,Nabp2
758,Exoc1
759,Tunar
760,Cdc16
761,Cep85
762,Smc4
763,Dpf3
764,Kif18b
765,Poc1a
766,Spdl1
767,Tbce
768,Stambp
769,Ecd
770,Abraxas1
771,Prdm5
772,Cep192
773,Spdya
774,D7Ertd443e
775,Nipbl
776,Ints13
777,Ccdc57
778,Foxn3
779,Brox
780,Mus81
781,Ankle2
782,Kif23
783,Efhc1
784,Epgn
785,Tube1
786,Tom1l1
787,Nanog
788,Zfyve19
789,Phf10
790,Sapcd2
791,Ush1c
792,Naa50
793,Tpx2
794,Seh1l
795,Lsm11
796,Dusp3
797,Mir124a-2
798,Mir124a-3
799,Mir26a-2
800,Pinx1
801,Rps6kb1
802,Reep4
803,Cul4b
804,Zfp655
805,Rint1
806,Sass6
807,Appl1
808,Ccsap
809,Tubb2b
810,Thap1
811,Kif2c
812,Fam110a
813,Pabir3
814,Cep55
815,Cep97
816,Tubgcp2
817,Cyld
818,Aven
819,Xrcc3
820,Rptor
821,Map10
822,Spata17
823,Setmar
824,Usp47
825,Ankrd53
826,Anapc15
827,Tm4sf5
828,Chmp4b
829,Brsk2
830,Ckap5
831,Senp2
832,Exoc6b
833,Ncapg2
834,Gpsm2
835,Fbxo31
836,Knl1
837,Clasp2
838,Clasp1
839,Mzt1
840,Dtl
841,Chmp5
842,Ticrr
843,Kdm8
844,Arid2
845,Bcl7a
846,Rab35
847,Myh10
848,Bora
849,Ube2s
850,Klhdc8b
851,Cul9
852,Ncapd3
853,Eml4
854,Fbxo43
855,Cacul1
856,Gins3
857,Misp
858,Trim39
859,Cdk5rap3
860,Ckap2
861,Kat5
862,Ankrd17
863,Tfap4
864,Ndel1
865,Tex14
866,Usp26
867,Actl6b
868,Smarcd2
869,Smarcd1
870,Phip
871,Usp8
872,Gpnmb
873,Sirt1
874,Arid1a
875,Smarca5
876,Obsl1
877,Anapc2
878,Cul4a
879,Golga2
